William Allen,1875,Forward,1,0,1,0,0,NA,Lancs,United Kingdom,S6 3TB,England,Yorkshire and the Humber
George Andrews,1875,Forward,2,0,2,0,0,NA,?,g,n,i,s
W.H. Ash,1875,Forward,3,0,3,0,0,NA,?,g,n,i,s
Maurice Barlow,1875,Forward,1,0,1,0,0,NA,Dublin,Republic of Ireland,Leinster,County Dublin,Dublin
Richard Bell,1875,Three-quarters,2,0,2,0,0,NA,?,g,n,i,s
Brab Casement,1875,Forward,3,0,3,0,0,NA,Co Antri,France,14400,France métropolitaine,Basse-Normandie
Abram Combe,1875,Forward,1,0,1,0,0,NA,?,g,n,i,s
Henry Cox,1875,Forward,4,0,4,0,0,NA,Bangalore,India,560001,Karnataka,Bangalore Urban
Abraham Cronyn,1875,Forward,3,0,3,0,0,NA,?,g,n,i,s
William Gaffikin,1875,Forward,1,0,1,0,0,NA,?,g,n,i,s
Edgar Galbraith,1875,Forward,1,0,1,0,0,NA,Dublin,Republic of Ireland,Leinster,County Dublin,Dublin
Richard Galbraith,1875,Fullback,3,0,3,0,0,NA,Dublin,Republic of Ireland,Leinster,County Dublin,Dublin
Francis Hewson,1875,Forward,1,0,1,0,0,NA,?,g,n,i,s
Sandy McDonald,1875,Forward,13,1,11,1,0,NA,Northern Ireland,United Kingdom,Northern Ireland,Missing,Missing
Edward MacIlwaine,1875,Forward,2,0,2,0,0,NA,?,g,n,i,s
Robert Maginniss,1875,Forward,2,0,2,0,0,NA,Northern Ireland,United Kingdom,Northern Ireland,Missing,Missing
John Myles,1875,Halfback,1,0,1,0,0,NA,Limerick,Republic of Ireland,Munster,County Limerick,Limerick
George Stack,1875,Forward,1,0,1,0,0,NA,Omagh,United Kingdom,Northern Ireland,County Tyrone,Omagh
Robert Walkington,1875,Fullback,10,0,9,1,0,NA,United States,United States of America,Missing,Missing,Missing
Henry Walsh,1875,Forward,2,0,2,0,0,NA,Dublin,Republic of Ireland,Leinster,County Dublin,Dublin
David Arnott,1875,Forward,1,0,1,0,0,NA,Tynemouth,United Kingdom,England,North East England,Tyne and Wear
Tim Cuscaden,1875,Forward,1,0,1,0,0,NA,Wexford,Republic of Ireland,Leinster,County Wexford,Wexford
William Finlay,1875,Forward,8,0,8,0,0,NA,?,g,n,i,s
R. Greer,1875,Forward,1,0,1,0,0,NA,?,g,n,i,s
Edward Hobson,1875,Three-quarters,1,0,1,0,0,NA,Co.Wexford,Republic of Ireland,Leinster,County Wexford,Missing
John Ireland,1875,Forward,2,0,2,0,0,NA,?,g,n,i,s
Hamilton Moore,1875,Fullback,2,0,2,0,0,NA,Co.Antrim,United Kingdom,Northern Ireland,County Antrim,Missing
Ashley Westby,1875,Forward,1,0,1,0,0,NA,Co.Dublin,Republic of Ireland,Leinster,County Dublin,Missing
H. Brown,1877,Three-quarters,1,0,1,0,0,NA,?,g,n,i,s
Thomas Brown,1877,Forward,2,0,2,0,0,NA,?,g,n,i,s
Henry Edwards,1877,Forward,2,0,2,0,0,NA,Carnarvon,Australia,Western Australia,Carnarvon,Missing
Thomas Gordon,1877,Halfback,3,0,3,0,0,NA,?,g,n,i,s
William Hamilton,1877,Forward,1,0,1,0,0,NA,?,g,n,i,s
Harry Jackson,1877,Forward,1,0,1,0,0,NA,Co.Monaghan,Republic of Ireland,County Monaghan,Missing,Missing
Hugh Kelly,1877,Forward,6,0,6,0,0,NA,?,g,n,i,s
Frederick Kidd,1877,Three-quarters,3,0,3,0,0,NA,Newry,United Kingdom,Northern Ireland,County Down,Newry
Augustus Whitestone,1877,Halfback,5,0,5,0,0,NA,Dublin,Republic of Ireland,Leinster,County Dublin,Dublin
William Wilson,1877,Forward,2,0,2,0,0,NA,?,g,n,i,s
J. Currell,1877,Forward,1,0,1,0,0,NA,?,g,n,i,s
James Heron,1877,Halfback,2,0,2,0,0,NA,Co.Down,United Kingdom,Northern Ireland,County Down,Missing
Henry Murray,1877,Forward,3,0,3,0,0,NA,Dublin,Republic of Ireland,Leinster,County Dublin,Dublin
Garvett Shaw,1877,Fullback,1,0,1,0,0,NA,Belfast,United Kingdom,Northern Ireland,County Antrim,Belfast
Edward Croker,1878,Forward,1,0,1,0,0,NA,?,g,n,i,s
George Fagan,1878,Halfback,1,0,1,0,0,NA,Bengal,United States of America,Minnesota,Itasca,Bengal
W. Griffiths,1878,Forward,1,0,1,0,0,NA,?,g,n,i,s
Barney Hughes,1878,Forward,12,1,10,1,0,NA,?,g,n,i,s
Robert Matier,1878,Three-quarters,2,0,2,0,0,NA,Belfast,United Kingdom,Northern Ireland,County Antrim,Belfast
William Moore,1878,Forward,1,0,1,0,0,NA,Co.Antrim,United Kingdom,Northern Ireland,County Antrim,Missing
Frederick Schute,1878,Forward,2,0,2,0,0,NA,Bradford,United Kingdom,England,Yorkshire and the Humber,Bradford
Arthur Archer,1879,Forward,1,0,1,0,0,NA,Co.Kildare,Republic of Ireland,Leinster,County Kildare,Missing
John Bagot,1879,Three-quarters,5,1,4,0,0,NA,Galway,Republic of Ireland,Connacht,County Galway,Cathair na Gaillimhe
William Cummins,1879,Forward,3,0,2,1,0,NA,Cork,Republic of Ireland,Munster,County Cork,Cork
William Goulding,1879,Halfback,1,0,1,0,0,NA,Cork,Republic of Ireland,Munster,County Cork,Cork
Thomas Harrison,1879,Three-quarters,3,0,3,0,0,NA,?,g,n,i,s
William Neville,1879,Forward,2,0,2,0,0,NA,West Indie,India,560001,Karnataka,Bangalore Urban
Henry Purdon,1879,Forward,5,1,4,0,0,NA,?,g,n,i,s
George Scriven,1879,Forward,8,0,8,0,0,NA,Dublin,Republic of Ireland,Leinster,County Dublin,Dublin
John Taylor,1879,Forward,8,1,6,1,0,NA,?,g,n,i,s
James Bristow,1879,Forward,1,0,1,0,0,NA,?,g,n,i,s
John Cuppaidge,1879,Forward,3,0,3,0,1,NA,Dublin,Republic of Ireland,Leinster,County Dublin,Dublin
Jack Keon,1879,Forward,1,0,1,0,0,NA,Westmeath,Republic of Ireland,Leinster,County Westmeath,Missing
William Pike,1879,Three-quarters,5,1,3,1,0,NA,Mayo,Canada,Yukon,Mayo,Missing
Willington Willis,1879,Three-quarters,1,0,1,0,0,NA,circa 1860,Perú,Tacna,Candarave,Circa
Arthur Forrest,1880,Forward,8,1,6,1,1,NA,Dublin,Republic of Ireland,Leinster,County Dublin,Dublin
William Heron,1880,Halfback,2,0,2,0,0,NA,?,g,n,i,s
Meredith Johnston,1880,Halfback,8,1,6,1,1,NA,Dublin,Republic of Ireland,Leinster,County Dublin,Dublin
Francis Kennedy,1880,Forward,3,0,3,0,0,NA,?,g,n,i,s
Alfred Miller,1880,Forward,3,0,3,0,0,NA,Kingstown,Saint Vincent and the Grenadines,Saint George,Kingstown,Missing
William Wallis,1880,Forward,5,1,4,0,0,NA,Dublin,Republic of Ireland,Leinster,County Dublin,Dublin
David Browning,1881,Forward,2,1,1,0,0,NA,?,g,n,i,s
John Burkitt,1881,Forward,1,0,1,0,0,NA,Co.Clare,Republic of Ireland,Munster,County Clare,Missing
Alfred MacMullen,1881,Forward,2,1,1,0,0,NA,?,g,n,i,s
Jones Morell,1881,Forward,4,1,2,1,0,NA,Tyrone,United States of America,penna,Blair County,Tyrone
William Peirce,1881,Three-quarters,1,0,1,0,0,NA,?,g,n,i,s
Henry Spunner,1881,Halfback,3,1,2,0,0,NA,?,g,n,i,s
Jack Johnston,1881,Forward,9,2,7,0,0,NA,?,g,n,i,s
Robert McLean,1881,Three-quarters,10,1,8,1,0,NA,?,g,n,i,s
Joseph Atkinson,1882,Three-quarters,2,0,2,0,0,NA,Dublin,Republic of Ireland,Leinster,County Dublin,Dublin
Gerrard Bent,1882,Halfback,2,0,1,1,0,NA,Greenwich,United Kingdom,England,East of England,Suffolk
Arthur Downing,1882,Forward,1,0,1,0,0,NA,Monkstown?,Republic of Ireland,Leinster,County Dublin,Dún Laoghaire-Rathdown
William Fletcher,1882,Halfback,3,0,3,0,0,NA,?,g,n,i,s
Ernest Greene,1882,Three-quarters,4,0,4,0,1,NA,Dublin,Republic of Ireland,Leinster,County Dublin,Dublin
Frederick Heuston,1882,Forward,3,0,3,0,0,NA,Tipperary,Republic of Ireland,Munster,County Tipperary,Tipperary
John Kennedy,1882,Forward,2,0,2,0,0,NA,Co.Tipperar,United States of America,Texas,Waller County,Rolling Hills
Ted McCarthy,1882,Forward,1,0,1,0,0,NA,?,g,n,i,s
Thomas McCarthy,1882,Three-quarters,1,0,1,0,0,NA,Tipperary,Republic of Ireland,Munster,County Tipperary,Tipperary
Bob Thompson,1882,Forward,1,0,1,0,0,NA,?,g,n,i,s
Thomas Johnson-Smyth,1882,Forward,1,0,0,1,0,NA,?,g,n,i,s
Robert Nelson,1882,Forward,4,0,3,1,0,NA,?,g,n,i,s
Oliver Stokes,1882,Forward,2,0,1,1,1,NA,Kent,United Kingdom,England,South East,Kent
Edward Wolfe,1882,Three-quarters,1,0,0,1,0,NA,Northern Ireland,United Kingdom,Northern Ireland,Missing,Missing
John Buchanan,1882,Forward,3,0,3,0,0,NA,?,g,n,i,s
Robert Morrow,1882,Fullback,10,0,10,0,0,NA,?,g,n,i,s
Alexander O'Sullivan,1882,Forward,1,0,1,0,0,NA,Cork,Republic of Ireland,Munster,County Cork,Cork
Joe Pedlow,1882,Three-quarters,2,0,2,0,0,NA,?,g,n,i,s
Stewart Bruce,1883,Forward,3,0,3,0,0,NA,Northern Ireland,United Kingdom,Northern Ireland,Missing,Missing
Henry King,1883,Forward,2,0,2,0,0,NA,London,United Kingdom,England,Greater London,London
Frank Moore,1883,Forward,4,0,4,0,0,NA,Dublin,Republic of Ireland,Leinster,County Dublin,Dublin
Rowland Scovell,1883,Three-quarters,2,0,2,0,0,NA,Kingstown,Saint Vincent and the Grenadines,Saint George,Kingstown,Missing
Peyton Warren,1883,Halfback,1,0,1,0,0,NA,?,g,n,i,s
Samuel Collier,1883,Halfback,1,0,1,0,0,NA,Northern Ireland,United Kingdom,Northern Ireland,Missing,Missing
Henry Brabazon,1884,Forward,3,0,3,0,0,NA,nr Mullingar,g,n,i,s
William Higgin,1884,Halfback,2,0,2,0,0,NA,Belfast,United Kingdom,Northern Ireland,County Antrim,Belfast
Francis Levis,1884,Forward,1,0,1,0,0,NA,Co.Cork,Republic of Ireland,Munster,County Cork,Missing
Daniel Ross,1884,Three-quarters,5,0,5,0,0,NA,Co.Down,United Kingdom,Northern Ireland,County Down,Missing
William Rutherford,1884,Forward,6,1,5,0,0,NA,Tipperary,Republic of Ireland,Munster,County Tipperary,Tipperary
Alexander Gordon,1884,Forward,1,0,1,0,0,NA,Dublin,Republic of Ireland,Leinster,County Dublin,Dublin
Thomas Hobbs,1884,Forward,2,0,2,0,0,NA,Ambala,India,Haryana,Ambala,Missing
Walter Kelly,1884,Forward,1,0,1,0,0,NA,?,g,n,i,s
Lewis McIntosh,1884,Three-quarters,1,0,1,0,1,NA,?,g,n,i,s
Forbes Maguire,1884,Forward,1,0,1,0,0,NA,Dublin,Republic of Ireland,Leinster,County Dublin,Dublin
John O'Sullivan,1884,Fullback,2,0,2,0,0,NA,Limerick,Republic of Ireland,Munster,County Limerick,Limerick
George Wheeler,1884,Fullback,2,0,2,0,0,NA,Belfast,United Kingdom,Northern Ireland,County Antrim,Belfast
William Collis,1884,Forward,1,0,1,0,0,NA,?,g,n,i,s
Herbert Cook,1884,Forward,1,0,1,0,0,NA,?,g,n,i,s
John Fitzgerald,1884,Forward,1,0,1,0,0,NA,?,g,n,i,s
William Hallaran,1884,Halfback,1,0,1,0,0,NA,1861,Sverige,Svealand,Örebro län,Landskapet Närke
Alexander Hamilton,1884,Forward,1,0,1,0,0,NA,?,g,n,i,s
Walter Johnstone,1884,Forward,1,0,1,0,0,NA,Kingstown,Saint Vincent and the Grenadines,Saint George,Kingstown,Missing
Charles Jordan,1884,Wing,1,0,1,0,0,NA,date unknown,g,n,i,s
John McDaniel,1884,Wing,1,0,1,0,0,NA,Newport,United Kingdom,NP,Wales,Monmouthshire
Frederick Moore,1884,Forward,4,0,4,0,0,NA,Dublin,Republic of Ireland,Leinster,County Dublin,Dublin
Lambert Moyers,1884,Forward,1,0,1,0,0,NA,Dublin,Republic of Ireland,Leinster,County Dublin,Dublin
Thomas Allen,1885,Forward,2,0,2,0,0,NA,Derry,United Kingdom,Northern Ireland,County Londonderry,Londonderry
Robert Bradshaw,1885,Forward,3,0,3,0,0,NA,Co.Wexford,Republic of Ireland,Leinster,County Wexford,Missing
Ernie Crawford,1885,Halfback,2,0,2,0,0,NA,1861,Sverige,Svealand,Örebro län,Landskapet Närke
Thomas Lyle,1885,Forward,6,1,5,0,0,NA,Northern Ireland,United Kingdom,Northern Ireland,Missing,Missing
Harry Neill,1885,Forward,9,2,7,0,0,NA,Geelong,Australia,Victoria,Barwon South West,City of Greater Geelong
John Ross,1885,Three-quarters,5,0,5,0,0,NA,Dublin,Republic of Ireland,Leinster,County Dublin,Dublin
Thomas Shanahan,1885,Forward,6,1,5,0,1,NA,Waterford,Republic of Ireland,Munster,County Waterford,Waterford
Robert Warren,1885,Halfback,15,3,11,1,1,0,Co.Meath,Republic of Ireland,Leinster,County Meath,Missing
J.A. Thompson,1885,Forward,2,0,2,0,0,NA,?,g,n,i,s
William Hogg,1885,Forward,1,0,1,0,0,NA,?,g,n,i,s
D.V. Hunter,1885,Halfback,1,0,1,0,0,NA,?,g,n,i,s
Joseph Chambers,1886,Forward,5,1,4,0,0,NA,Co Cavan,Republic of Ireland,Ulster,County Cavan,Missing
Victor le Fanu,1886,Forward,11,3,8,0,0,0,Dublin,Republic of Ireland,Leinster,County Dublin,Dublin
Ralph Massy-Westropp,1886,Forward,1,0,1,0,0,NA,Worcester,United Kingdom,England,West Midlands,Worcestershire
Maxy Carpendale,1886,Three-quarters,4,1,3,0,0,NA,Bombay,India,Maharashtra,Greater Bombay,Mumbai
Robert Herrick,1886,Halfback,1,0,1,0,0,NA,Cork,Republic of Ireland,Munster,County Cork,Cork
J. McMordie,1886,Forward,1,0,1,0,0,NA,?,g,n,i,s
Francis Miller,1886,Forward,1,0,1,0,0,NA,?,g,n,i,s
Joseph Ross,1886,Halfback,1,0,1,0,0,NA,Co.Down,United Kingdom,Northern Ireland,County Down,Missing
Frank Stoker,1886,Forward,5,1,4,0,0,0,Dublin,Republic of Ireland,Leinster,County Dublin,Dublin
James Waites,1886,Forward,7,1,5,1,1,0,Lancs,United Kingdom,S6 3TB,England,Yorkshire and the Humber
John Dick,1887,Forward,3,1,2,0,0,NA,Lisburn.Co.Antrim,United Kingdom,Northern Ireland,County Antrim,Lisburn
John Macauley,1887,Forward,2,1,1,0,0,NA,Limerick,Republic of Ireland,Munster,County Limerick,Limerick
James McLaughlin,1887,Halfback,4,2,2,0,0,NA,?,g,n,i,s
Robert Montgomery,1887,Three-quarters,5,2,3,0,4,0,Belfast,United Kingdom,Northern Ireland,County Antrim,Belfast
Daniel Rambaut,1887,Three-quarters,4,2,2,0,0,NA,Waterford,Republic of Ireland,Munster,County Waterford,Waterford
Robert Stevenson,1887,Forward,14,3,9,2,0,0,Dungannon,United Kingdom,Northern Ireland,County Tyrone,Dungannon
Charles Tillie,1887,Three-quarters,4,2,2,0,1,NA,Londonderry,United Kingdom,Northern Ireland,County Londonderry,Londonderry
Dolway Walkington,1887,Fullback,8,2,5,1,0,3,Belfast,United Kingdom,Northern Ireland,County Antrim,Belfast
Edward Walshe,1887,Forward,7,2,5,0,2,4,?,g,n,i,s
Malcolm Moore,1887,Forward,3,1,2,0,0,NA,Dublin,Republic of Ireland,Leinster,County Dublin,Dublin
W. Davison,1887,Forward,1,0,1,0,0,NA,?,g,n,i,s
Patrick O'Connor,1887,Halfback,1,0,1,0,0,NA,?,g,n,i,s
Thomas Taggart,1887,Forward,1,0,1,0,0,NA,Bushmills,United Kingdom,Northern Ireland,County Antrim,Bushmills
William Ekin,1888,Forward,2,1,1,0,0,NA,Co.Tyrone,United Kingdom,Northern Ireland,County Tyrone,Missing
Robert Mayne,1888,Forward,2,1,1,0,0,NA,?,g,n,i,s
James Moffatt,1888,Forward,7,1,5,1,0,0,?,g,n,i,s
Ernest Stoker,1888,Forward,2,1,1,0,0,NA,Dublin,Republic of Ireland,Leinster,County Dublin,Dublin
William Morton,1888,Forward,1,0,1,0,0,NA,Tipperary,Republic of Ireland,Munster,County Tipperary,Tipperary
Alfred Walpole,1888,Three-quarters,2,0,2,0,0,NA,Roscommon,Republic of Ireland,Connacht,County Roscommon,Roscommon
Herbert Andrews,1888,Forward,3,1,2,0,0,NA,Co Down,United Kingdom,Northern Ireland,County Down,Missing
Michael Bulger,1888,Three-quarters,1,0,1,0,0,NA,Co Clare,Republic of Ireland,Munster,County Clare,Missing
Taffy Edwards,1888,Three-quarters,6,1,4,1,0,0,Dublin,Republic of Ireland,Leinster,County Dublin,Dublin
Edmund Forrest,1888,Forward,13,5,7,1,0,4,Dublin,Republic of Ireland,Leinster,County Dublin,Dublin
Joseph Jameson,1888,Forward,7,2,4,1,0,0,Dublin,Republic of Ireland,Leinster,County Dublin,Dublin
John Lytle,1888,Forward,8,4,4,0,1,5,Belfast,United Kingdom,Northern Ireland,County Antrim,Belfast
John O'Conor,1888,Forward,17,6,8,3,0,0,Letterkenny,Republic of Ireland,County Donegal,Letterkenny,Missing
James Stevenson,1888,Halfback,2,0,2,0,0,NA,Dungannon,United Kingdom,Northern Ireland,County Tyrone,Dungannon
David Woods,1888,Three-quarters,2,0,2,0,1,NA,?,g,n,i,s
Thomas Donovan,1889,Forward,1,0,1,0,0,NA,Cork,Republic of Ireland,Munster,County Cork,Cork
Luke Holmes,1889,Fullback,2,1,1,0,0,NA,Belfast,United Kingdom,Northern Ireland,County Antrim,Belfast
Llewellyn Nash,1889,Forward,6,0,5,1,0,0,Co.Cork,Republic of Ireland,Munster,County Cork,Missing
Thomas Pedlow,1889,Three-quarters,2,1,1,0,0,NA,?,g,n,i,s
Charles Stack,1889,Forward,1,0,1,0,0,NA,Lifford,Republic of Ireland,County Donegal,Lifford,Missing
Robert Yeates,1889,Three-quarters,2,1,1,0,0,NA,W Bengal,India,West Bengal,Missing,Missing
John Cotton,1889,Forward,1,1,0,0,1,NA,?,g,n,i,s
Robert Dunlop,1889,Three-quarters,11,2,8,1,1,1,?,g,n,i,s
Alaster McDonnell,1889,Halfback,4,1,2,1,1,0,Dublin,Republic of Ireland,Leinster,County Dublin,Dublin
Henry Richey,1889,Forward,2,1,1,0,0,0,Dublin,Republic of Ireland,Leinster,County Dublin,Dublin
William Davis,1890,Forward,9,0,8,1,0,0,Ferozopore,g,n,i,s
Eddie Doran,1890,Forward,2,0,1,1,0,0,Dublin,Republic of Ireland,Leinster,County Dublin,Dublin
Harry Gifford,1890,Fullback,1,0,1,0,0,0,Dublin,Republic of Ireland,Leinster,County Dublin,Dublin
Ralph Johnston,1890,Three-quarters,3,0,2,1,0,0,Kingstown,Saint Vincent and the Grenadines,Saint George,Kingstown,Missing
J. Roche,1890,Forward,7,1,5,1,0,5,?,g,n,i,s
Hugh Galbraith,1890,Forward,1,0,0,1,0,0,Londonderry,United Kingdom,Northern Ireland,County Londonderry,Londonderry
Benjamin Tuke,1890,Halfback,9,3,6,0,0,0,Dublin,Republic of Ireland,Leinster,County Dublin,Dublin
Sam Lee,1891,Centre,19,8,9,2,1,1,Down,Republic of Ireland,Leinster,County Offaly,Killeen Bridge
Charles Rooke,1891,Forward,19,7,10,2,0,0,Dublin,Republic of Ireland,Leinster,County Dublin,Dublin
Edwin Cameron,1891,Halfback,2,0,2,0,0,0,Dublin,Republic of Ireland,Leinster,County Dublin,Dublin
George Collopy,1891,Forward,2,0,2,0,0,0,Limerick,Republic of Ireland,Munster,County Limerick,Limerick
Edward Frazer,1891,Forward,2,0,2,0,0,0,Drumkeeran,Republic of Ireland,Connacht,County Leitrim,Drumkeeran
Robert Stokes,1891,Forward,2,0,2,0,0,0,Kent,United Kingdom,England,South East,Kent
Herbert Wells,1891,Three-quarters,4,2,2,0,1,3,W Bengal,India,West Bengal,Missing,Missing
Thomas Fogarty,1891,Forward,1,0,1,0,0,0,?,g,n,i,s
Robert Pedlow,1891,Halfback,1,0,1,0,0,0,?,g,n,i,s
William Gardiner,1892,Wing,17,6,9,2,2,6,Northern Ireland,United Kingdom,Northern Ireland,Missing,Missing
T.J. Johnston,1892,Forward,6,1,4,1,0,0,?,g,n,i,s
Thomas Peel,1892,Fullback,3,1,2,0,0,0,Limerick,Republic of Ireland,Munster,County Limerick,Limerick
Robert Smith,1892,Forward,1,0,1,0,0,0,Dublin,Republic of Ireland,Leinster,County Dublin,Dublin
Thomas Thornhill,1892,Halfback,4,1,3,0,0,0,Co.Tyrone,United Kingdom,Northern Ireland,County Tyrone,Missing
Arthur Wallis,1892,Forward,5,1,4,0,0,0,Dublin,Republic of Ireland,Leinster,County Dublin,Dublin
Coo Clinch,1892,Forward,14,6,7,1,0,0,Dublin,Republic of Ireland,Leinster,County Dublin,Dublin
Frederick Davies,1892,Halfback,5,1,3,1,1,2,Dublin,Republic of Ireland,Leinster,County Dublin,Dublin
Michael Egan,1893,Forward,2,0,2,0,0,0,?,g,n,i,s
Sam Gardiner,1893,Fullback,2,0,1,1,0,0,?,g,n,i,s
Robert Johnston,1893,Wing,5,3,2,0,0,0,Co Donegal,Republic of Ireland,Ulster,County Donegal,Missing
Harry Lindsay,1893,Forward,13,6,5,2,1,3,Northern Ireland,United Kingdom,Northern Ireland,Missing,Missing
Walter Brown,1893,Halfback,5,3,1,1,0,0,Co.Dublin,Republic of Ireland,Leinster,County Dublin,Missing
Herbert Forrest,1893,Forward,2,0,1,1,0,0,Co.Dublin,Republic of Ireland,Leinster,County Dublin,Missing
Lucius Gwynn,1893,Centre,7,4,2,1,0,0,Donegal,Republic of Ireland,County Donegal,Donegal,Missing
Bryan O'Brien,1893,Forward,2,0,1,1,0,0,Co.Limerick,Republic of Ireland,Munster,County Limerick,Missing
Robert Hamilton,1893,Forward,1,0,1,0,0,0,Dublin,Republic of Ireland,Leinster,County Dublin,Dublin
William Sparrow,1893,Fullback,2,1,1,0,0,0,Kilkenny,Republic of Ireland,Leinster,County Kilkenny,Kilkenny
Tom Crean,1894,Forward,13,8,4,1,3,9,Dublin,Republic of Ireland,Leinster,County Dublin,Dublin
James Lytle,1894,Forward,12,8,3,1,1,6,Belfast,United Kingdom,Northern Ireland,County Antrim,Belfast
George Walmsley,1894,Forward,1,1,0,0,0,0,Co.Meath,Republic of Ireland,Leinster,County Meath,Missing
Andrew Bond,1894,Forward,2,2,0,0,0,0,?,g,n,i,s
Patrick Grant,1894,Fullback,2,2,0,0,0,0,Co.Dublin,Republic of Ireland,Leinster,County Dublin,Missing
Alfred Brunker,1895,Forward,2,0,2,0,0,0,Co.Dublin,Republic of Ireland,Leinster,County Dublin,Missing
Hugh McCoull,1895,Forward,4,1,3,0,0,0,Co.Down,United Kingdom,Northern Ireland,County Down,Missing
Louis Magee,1895,Halfback,31,14,15,2,2,9,Dublin,Republic of Ireland,Leinster,County Dublin,Dublin
Joseph Magee,1895,Wing,2,0,2,0,0,0,Dublin,Republic of Ireland,Leinster,County Dublin,Dublin
Thomas Stevenson,1895,Centre,7,3,3,1,1,3,Londonderry,United Kingdom,Northern Ireland,County Londonderry,Londonderry
Glascott Symes,1895,Fullback,1,0,1,0,0,0,Co.Mayo,Republic of Ireland,Connacht,County Mayo,Missing
John Fulton,1895,Fullback,16,6,10,0,0,0,?,g,n,i,s
Edward MacIlwaine,1895,Forward,2,0,2,0,0,0,Belfast,United Kingdom,Northern Ireland,County Antrim,Belfast
Alexander Montgomery,1895,Centre,1,0,1,0,0,0,Belfast,United Kingdom,Northern Ireland,County Antrim,Belfast
Jack O'Connor,1895,Wing,1,0,1,0,0,0,Limerick,Republic of Ireland,Munster,County Limerick,Limerick
William O'Sullivan,1895,Forward,1,0,1,0,0,0,?,g,n,i,s
Michael Delaney,1895,Halfback,1,0,1,0,0,0,?,g,n,i,s
Arthur Gwynn,1895,Wing,1,0,1,0,0,0,Donegal,Republic of Ireland,County Donegal,Donegal,Missing
Glyn Allen,1896,Halfback,9,6,2,1,1,3,Gibraltar,Gibraltar,Missing,Missing,Missing
Lawrence Bulger,1896,Wing,12,7,4,1,3,25,Co Clare,Republic of Ireland,Munster,County Clare,Missing
Bill Byron,1896,Forward,11,7,3,1,0,0,Northern Ireland,United Kingdom,Northern Ireland,Missing,Missing
James Sealy,1896,Forward,13,8,3,2,2,6,Dublin,Republic of Ireland,Leinster,County Dublin,Dublin
George McAllan,1896,Fullback,2,1,0,1,0,0,Northern Ireland,United Kingdom,Northern Ireland,Missing,Missing
John McIlwaine,1897,Forward,7,4,3,0,0,0,Belfast,United Kingdom,Northern Ireland,County Antrim,Belfast
John Ryan,1897,Forward,14,6,7,1,1,3,?,g,n,i,s
Michael Ryan,1897,Forward,17,7,9,1,1,3,?,g,n,i,s
Pierce O'Brien-Butler,1897,Fullback,6,3,3,0,0,0,Co.Tipperary,Republic of Ireland,Munster,County Tipperary,Missing
John Davis,1898,Forward,2,1,1,0,0,0,Co.Carlow,Republic of Ireland,Leinster,County Carlow,Missing
James Franks,1898,Forward,3,1,2,0,0,0,Co.Dublin,Republic of Ireland,Leinster,County Dublin,Missing
Francis Purser,1898,Wing,3,1,2,0,0,0,1876,Россия,СКФО,Карачаево-Черкесия,Карачаевский район
Frederick Smithwick,1898,Centre,2,0,2,0,0,0,Kildare,Republic of Ireland,Leinster,County Kildare,Missing
Ainsworth Barr,1898,Halfback,4,2,2,0,0,0,Belfast,United Kingdom,Northern Ireland,County Antrim,Belfast
Thomas Little,1898,Forward,7,3,3,1,0,0,Dublin,Republic of Ireland,Leinster,County Dublin,Dublin
Ned McCarthy,1898,Forward,1,0,1,0,0,0,Cork,Republic of Ireland,Munster,County Cork,Cork
Thomas Ahearne,1899,Forward,1,1,0,0,0,0,?,g,n,i,s
James Allison,1899,Centre,12,4,7,1,0,4,?,g,n,i,s
William Brown,1899,Wing,1,1,0,0,0,0,?,g,n,i,s
Ian Davidson,1899,Wing,10,3,5,2,2,6,Co.Do,United States of America,Colorado,Jefferson County,DOE
George Harman,1899,Centre,2,2,0,0,0,0,Co Cork,Republic of Ireland,Munster,County Cork,Missing
Tom McGown,1899,Forward,7,5,2,0,0,0,Belfast,United Kingdom,Northern Ireland,County Antrim,Belfast
Edward Campbell,1899,Wing,4,2,2,0,1,3,?,g,n,i,s
Gerry Doran,1899,Wing,10,4,5,1,2,6,Dublin,Republic of Ireland,Leinster,County Dublin,Dublin
Newry Meares,1896,Forward,6,3,3,0,0,0,Newry,United Kingdom,Northern Ireland,County Down,Newry
Carl Reid,1899,Centre,4,2,2,0,1,3,Londonderry,United Kingdom,Northern Ireland,County Londonderry,Londonderry
Cecil Moriarty,1899,Forward,1,1,0,0,0,0,Tralee,Republic of Ireland,Munster,County Kerry,Tralee
Ellie Allen,1900,Forward,21,6,14,1,1,3,Gibraltar,Gibraltar,Missing,Missing,Missing
John Coffey,1900,Forward,19,8,11,0,0,0,Dublin,Republic of Ireland,Leinster,County Dublin,Dublin
John Ferris,1900,Scrum-half,3,0,2,1,0,0,?,g,n,i,s
Fred Gardiner,1900,Forward,22,8,13,1,3,15,Northern Ireland,United Kingdom,Northern Ireland,Missing,Missing
Samuel Irwin,1900,Forward,9,2,6,1,0,4,Northern Ireland,United Kingdom,Northern Ireland,Missing,Missing
Percy Nicholson,1900,Forward,3,0,2,1,0,0,Cork,Republic of Ireland,Munster,County Cork,Cork
Cecil Boyd,1896,Fullback,4,1,2,1,0,0,Dublin,Republic of Ireland,Leinster,County Dublin,Dublin
Bertie Doran,1900,Centre,8,2,5,1,1,3,Dublin,Republic of Ireland,Leinster,County Dublin,Dublin
Thomas Harvey,1900,Forward,8,2,6,0,0,0,Dublin,Republic of Ireland,Leinster,County Dublin,Dublin
Albert Freear,1901,Wing,3,1,2,0,1,3,Lancs,United Kingdom,S6 3TB,England,Yorkshire and the Humber
Patrick Healey,1901,Forward,10,3,7,0,0,0,?,g,n,i,s
Archibald Heron,1901,Forward,1,1,0,0,0,0,?,g,n,i,s
Harry Irvine,1901,Forward,1,0,1,0,0,2,Belfast,United Kingdom,Northern Ireland,County Antrim,Belfast
Hugh Ferris,1901,Scrum-half,2,1,1,0,0,0,Co Down,United Kingdom,Northern Ireland,County Down,Missing
Harry Corley,1902,Halfback,8,2,6,0,0,5,Dublin,Republic of Ireland,Leinster,County Dublin,Dublin
Charles Fitzgerald,1902,Wing,3,1,2,0,0,0,Lurgan,United Kingdom,Northern Ireland,County Armagh,Lurgan
George Hamlet,1902,Forward,30,12,17,1,0,0,Balbriggan,Republic of Ireland,Leinster,County Dublin,Fingal
Alfred Tedford,1902,Forward,26,9,15,2,6,18,Belfast,United Kingdom,Northern Ireland,County Antrim,Belfast
John Pringle,1902,Forward,2,1,1,0,0,0,?,g,n,i,s
Henry Anderson,1903,Wing,4,2,2,0,0,0,Cape Town,South Africa,Western Cape,City of Cape Town,Cape Town
George Harvey,1903,Centre,5,4,1,0,0,0,?,g,n,i,s
Robertson Smyth,1903,Forward,6,1,3,2,0,0,Northern Ireland,United Kingdom,Northern Ireland,Missing,Missing
David Taylor,1903,Centre,1,1,0,0,0,0,?,g,n,i,s
James Wallace,1903,Forward,10,4,6,0,4,12,Roscrea,Republic of Ireland,Munster,County Tipperary,Roscrea
George Bradshaw,1903,Wing,1,0,1,0,0,0,Belfast,United Kingdom,Northern Ireland,County Antrim,Belfast
James Parke,1903,Centre,20,6,14,0,2,36,Co Monaghan,Republic of Ireland,County Monaghan,Missing,Missing
Fred Kennedy,1904,Halfback,2,1,1,0,0,0,Dublin,Republic of Ireland,Leinster,County Dublin,Dublin
Campbell Robb,1904,Wing,5,1,4,0,1,3,Galway,Republic of Ireland,Connacht,County Galway,Cathair na Gaillimhe
Thomas Robinson,1904,Fly-half,10,3,7,0,1,3,?,g,n,i,s
Joseph Wallace,1903,Forward,5,0,3,2,0,0,Roscrea,Republic of Ireland,Munster,County Tipperary,Roscrea
Ernest Caddell,1904,Scrum-half,13,6,7,0,2,6,Louth,United Kingdom,England,East Midlands,Lincolnshire
John Moffatt,1904,Wing,4,2,2,0,4,12,Dublin,Republic of Ireland,Leinster,County Dublin,Dublin
Reg Edwards,1904,Forward,4,3,1,0,0,0,1882,Sverige,Svealand,Örebro län,Landskapet Närke
Hercules Knox,1904,Forward,10,6,4,0,0,0,Mayo,Canada,Yukon,Mayo,Missing
Maurice Landers,1904,Fullback,5,3,2,0,0,0,Cork,Republic of Ireland,Munster,County Cork,Cork
Henry Millar,1904,Forward,4,3,1,0,0,0,Co.Dublin,Republic of Ireland,Leinster,County Dublin,Missing
Harry Thrift,1904,Wing,18,8,10,0,5,15,Dublin,Republic of Ireland,Leinster,County Dublin,Dublin
Basil MacLear,1905,Centre,11,5,6,0,4,18,Portsmouth,United Kingdom,England,South East,Hampshire
Hugh Wilson,1905,Forward,18,6,12,0,0,0,Co Antrim,United Kingdom,Northern Ireland,County Antrim,Missing
Harold Sugars,1905,Forward,3,0,3,0,2,6,Dungannon,United Kingdom,Northern Ireland,County Tyrone,Dungannon
Francis Casement,1906,Centre,3,2,1,0,0,0,?,g,n,i,s
Geoffrey Henebrey,1906,Fullback,6,3,3,0,0,0,Birkenhead,United Kingdom,England,North West England,Birkenhead
William Purdon,1906,Scrum-half,3,2,1,0,1,3,Belfast,United Kingdom,Northern Ireland,County Antrim,Belfast
Michael White,1906,Forward,6,3,3,0,0,0,?,g,n,i,s
Bertie Gotto,1906,Centre,1,0,1,0,0,0,Northern Ireland,United Kingdom,Northern Ireland,Missing,Missing
George McIldowie,1906,Forward,4,0,3,1,1,3,Northern Ireland,United Kingdom,Northern Ireland,Missing,Missing
William Cogan,1907,Forward,2,1,1,0,0,0,Cork,Republic of Ireland,Munster,County Cork,Cork
Robert Forbes,1907,Forward,1,1,0,0,0,0,Essex,United Kingdom,England,East of England,Essex
Thomas Greeves,1907,Centre,5,2,3,0,0,0,?,g,n,i,s
James Sweeney,1907,Forward,3,1,2,0,0,0,Co Donegal,Republic of Ireland,Ulster,County Donegal,Missing
Charles Thompson,1907,Wing,13,4,8,1,5,15,?,g,n,i,s
Frederick Harvey,1907,Fullback,2,1,1,0,0,0,Co Meath,Republic of Ireland,Leinster,County Meath,Missing
Billy Hinton,1907,Fullback,16,6,9,1,0,4,?,g,n,i,s
Charles Adams,1908,Forward,16,10,6,0,1,3,?,g,n,i,s
Herbert Aston,1908,Halfback,2,0,2,0,1,3,Co.Dublin,Republic of Ireland,Leinster,County Dublin,Missing
Gerald Beckett,1908,Centre,3,1,2,0,1,3,?,g,n,i,s
Thomas Harpur,1908,Forward,3,1,2,0,0,0,Mountmellick,Republic of Ireland,Leinster,County Laois,Mountmellick
Edward Morphy,1908,Forward,1,0,1,0,0,0,Dublin,Republic of Ireland,Leinster,County Dublin,Dublin
Frank Smartt,1908,Scrum-half,3,1,2,0,0,0,?,g,n,i,s
Tom Smyth,1908,Forward,16,5,10,1,2,6,Northern Ireland,United Kingdom,Northern Ireland,Missing,Missing
Bethel Solomons,1908,Forward,10,2,7,1,0,0,Dublin,Republic of Ireland,Leinster,County Dublin,Dublin
Ernest Deane,1909,Wing,1,0,1,0,0,0,Limerick,Republic of Ireland,Munster,County Limerick,Limerick
Michael Garry,1909,Forward,7,3,4,0,0,0,?,g,n,i,s
Godfrey Pinion,1909,Fly-half,4,1,3,0,0,2,Northern Ireland,United Kingdom,Northern Ireland,Missing,Missing
Oliver Piper,1909,Forward,9,2,6,1,0,0,Neath,United Kingdom,Wales,West Glamorgan,Neath
John Blackham,1909,Hooker,6,1,4,1,0,0,Queen's Co.,United States of America,New York,NYC,Queens County
Thomas Halpin,1909,Forward,13,6,6,1,0,0,?,g,n,i,s
Richard Magrath,1909,Wing,1,0,1,0,0,0,Cork City,Republic of Ireland,Munster,County Cork,Cork
Frederick McCormac,1909,Scrum-half,3,1,2,0,0,0,Dalkey,Republic of Ireland,Leinster,County Dublin,Dún Laoghaire-Rathdown
Jack O'Connor,1909,Scrum-half,1,1,0,0,1,3,?,g,n,i,s
Alexander Foster,1910,Centre,19,10,8,1,5,15,Northern Ireland,United Kingdom,Northern Ireland,Missing,Missing
Dickie Lloyd,1910,Fly-half,19,8,10,1,2,75,Tyrone,United States of America,penna,Blair County,Tyrone
Joseph Quinn,1910,Wing,15,8,6,1,9,27,Dublin,Republic of Ireland,Leinster,County Dublin,Dublin
Harry Read,1910,Scrum-half,13,6,6,1,0,0,Tipperary,Republic of Ireland,Munster,County Tipperary,Tipperary
William Riordan,1910,Forward,1,0,0,1,0,0,?,g,n,i,s
Alfred Taylor,1910,Centre,4,1,2,1,1,3,Belfast,United Kingdom,Northern Ireland,County Antrim,Belfast
Herbert Moore,1910,Forward,8,4,4,0,0,0,Northern Ireland,United Kingdom,Northern Ireland,Missing,Missing
Robert Lyle,1910,Centre,2,1,1,0,0,0,?,g,n,i,s
Arthur McClinton,1910,Fly-half,2,1,1,0,0,2,Northern Ireland,United Kingdom,Northern Ireland,Missing,Missing
Cyril O'Callaghan,1910,Wing,7,5,2,0,2,6,Carlow,Republic of Ireland,Leinster,County Carlow,Carlow
William Smyth,1910,Forward,3,1,2,0,0,0,Co.Antrim,United Kingdom,Northern Ireland,County Antrim,Missing
William Beatty,1910,Prop,3,3,0,0,0,0,Co.Down,United Kingdom,Northern Ireland,County Down,Missing
William Tyrrell,1910,Forward,9,4,5,0,3,9,Belfast,United Kingdom,Northern Ireland,County Antrim,Belfast
Samuel Campbell,1911,Forward,12,7,5,0,0,0,1889,United States of America,North Carolina,Haywood County,Cruso
Michael Heffernan,1911,Forward,4,3,1,0,1,3,?,g,n,i,s
Alexander Jackson,1911,Centre,10,6,4,0,3,9,Dublin,Republic of Ireland,Leinster,County Dublin,Dublin
James Smyth,1911,Forward,3,3,0,0,0,0,Co.Antrim,United Kingdom,Northern Ireland,County Antrim,Missing
Richard Graham,1911,Fullback,1,1,0,0,0,0,?,g,n,i,s
William Edwards,1912,Forward,2,1,1,0,0,0,Northern Ireland,United Kingdom,Northern Ireland,Missing,Missing
Robert Hemphill,1912,Forward,4,3,1,0,0,0,?,g,n,i,s
George McConnell,1912,Forward,4,2,2,0,0,0,Co.Donegal,Republic of Ireland,Ulster,County Donegal,Missing
Charles MacIvor,1912,Wing,7,4,3,0,1,3,West Indies,Nederland,0000NA,Curaçao,Willemstad
d'Arcy Patterson,1912,Forward,8,4,4,0,1,3,Belfast,United Kingdom,Northern Ireland,County Antrim,Belfast
Myley Abraham,1912,Centre,5,2,3,0,0,0,Dublin,Republic of Ireland,Leinster,County Dublin,Dublin
George Killeen,1912,Forward,10,4,6,0,0,0,Co Clare,Republic of Ireland,Munster,County Clare,Missing
George Brown,1912,Prop,3,2,1,0,1,3,Co.Kilkenny,Republic of Ireland,Leinster,County Kilkenny,Missing
Robin Wright,1912,Fullback,1,1,0,0,0,0,?,g,n,i,s
Robert Burgess,1912,Forward,1,0,1,0,0,0,?,g,n,i,s
John Clune,1912,Lock,6,2,4,0,0,0,Limerick,Republic of Ireland,Munster,County Limerick,Limerick
George Holmes,1912,Centre,3,0,3,0,0,0,Rathmines,Republic of Ireland,Leinster,County Dublin,Dublin
John Minch,1912,Centre,5,1,4,0,0,0,Co Kildare,Republic of Ireland,Leinster,County Kildare,Missing
Geoffrey Schute,1912,Forward,3,0,3,0,1,3,Dublin North,United States of America,New York,Seneca County,Dublin
Charles Stuart,1912,Fullback,1,0,1,0,0,0,?,g,n,i,s
Richard Watson,1912,Wing,1,0,1,0,0,0,?,g,n,i,s
James Finlay,1913,Forward,6,0,6,0,0,0,Northern Ireland,United Kingdom,Northern Ireland,Missing,Missing
Ernest Jeffares,1913,Forward,2,0,2,0,0,0,Dublin,Republic of Ireland,Leinster,County Dublin,Dublin
Patrick Stokes,1913,Flanker,12,3,9,0,4,12,Tipperary,Republic of Ireland,Munster,County Tipperary,Tipperary
Gordon Young,1913,Fullback,1,0,1,0,0,0,Cork,Republic of Ireland,Munster,County Cork,Cork
Frank Bennett,1913,Wing,1,0,1,0,0,0,Clonakilty,Republic of Ireland,Munster,County Cork,Clonakilty
J.W. McConnell,1913,Fullback,1,0,1,0,0,0,?,g,n,i,s
Patrick O'Connell,1913,Forward,6,3,3,0,0,0,Co Tipperary,Republic of Ireland,Munster,County Tipperary,Missing
Stanhope Polden,1913,Scrum-half,4,2,2,0,0,0,Dublin,Republic of Ireland,Leinster,County Dublin,Dublin
Albert Stewart,1913,Centre,3,2,1,0,1,3,Belfast,United Kingdom,Northern Ireland,County Antrim,Belfast
Andrew Todd,1913,Fullback,3,2,1,0,0,0,?,g,n,i,s
George Wood,1913,Wing,2,1,1,0,0,0,Co Mayo,Republic of Ireland,Connacht,County Mayo,Missing
William Collopy,1914,Prop,19,7,12,0,0,0,Dublin,Republic of Ireland,Leinster,County Dublin,Dublin
John Dowse,1914,Forward,3,2,1,0,0,0,Co Dublin,Republic of Ireland,Leinster,County Dublin,Missing
Jack Parr,1914,Flanker,4,2,2,0,0,0,?,g,n,i,s
Vincent McNamara,1914,Scrum-half,3,1,2,0,1,3,Co Cork,Republic of Ireland,Munster,County Cork,Missing
Frank Montgomery,1914,Fullback,3,1,2,0,0,0,Belfast,United Kingdom,Northern Ireland,County Antrim,Belfast
James Taylor,1914,Forward,3,1,2,0,0,0,Londonderry,United Kingdom,Northern Ireland,County Londonderry,Londonderry
Henry Jack,1914,Fly-half,3,1,2,0,0,0,Cork,Republic of Ireland,Munster,County Cork,Cork
Jasper Brett,1914,Wing,1,0,1,0,0,0,Kingstown,Saint Vincent and the Grenadines,Saint George,Kingstown,Missing
Charles Bryant,1920,Wing,2,0,2,0,0,0,Penarth,United Kingdom,CF64,Wales,Vale of Glamorgan
Nick Butler,1920,Prop,1,0,1,0,0,0,Limerick,Republic of Ireland,Munster,County Limerick,Limerick
Henry Coulter,1920,Hooker,3,0,3,0,0,0,Co Down,United Kingdom,Northern Ireland,County Down,Missing
William Crawford,1920,Fullback,30,12,17,1,0,18,Belfast,United Kingdom,Northern Ireland,County Antrim,Belfast
Robert Crichton,1920,Lock,15,3,11,1,0,0,?,g,n,i,s
William Cullen,1920,Centre,1,0,1,0,0,0,Balghupar,g,n,i,s
James Dickson,1920,Wing,3,0,3,0,1,3,Enniskillen,United Kingdom,Northern Ireland,County Fermanagh,Enniskillen
George Doherty,1920,Lock,7,1,6,0,0,0,Wandsworth,United Kingdom,England,Greater London,London
Arthur Horan,1920,Scrum-half,2,0,2,0,0,0,London,United Kingdom,England,Greater London,London
William Roche,1920,No. 8,3,0,3,0,0,0,Limerick,Republic of Ireland,Munster,County Limerick,Limerick
Thomas Wallace,1920,Centre,3,0,3,0,0,0,Ballymayo,g,n,i,s
Andy Courtney,1920,Prop,7,1,6,0,0,0,Nenagh,Republic of Ireland,Munster,County Tipperary,Nenagh
William Duggan,1920,Centre,2,0,2,0,0,0,Cork,Republic of Ireland,Munster,County Cork,Cork
Basil McFarland,1920,Wing,4,0,4,0,0,4,Northern Ireland,United Kingdom,Northern Ireland,Missing,Missing
James O'Neill,1920,Scrum-half,1,0,1,0,0,0,Belfast,United Kingdom,Northern Ireland,County Antrim,Belfast
Alfred Price,1920,Prop,2,0,2,0,1,3,Co Kerry,Republic of Ireland,Munster,County Kerry,Missing
Patrick Roddy,1920,Centre,2,0,2,0,0,0,?,g,n,i,s
Michael Bradley,1920,Prop,19,9,10,0,0,0,Cork,Republic of Ireland,Munster,County Cork,Cork
Bill Cunningham,1920,Fly-half,9,2,6,1,2,6,1900,Argentina,1900,BA,Partido de La Plata
Norman Potterton,1920,No. 8,1,0,1,0,0,0,Dublin,Republic of Ireland,Leinster,County Dublin,Dublin
Declan Browne,1920,Hooker,1,0,1,0,0,0,?,g,n,i,s
John Smyth,1920,Flanker,1,0,1,0,0,0,Co Down,United Kingdom,Northern Ireland,County Down,Missing
George Stephenson,1920,Centre,42,20,20,2,14,89,Northern Ireland,United Kingdom,Northern Ireland,Missing,Missing
John Bermingham,1921,Prop,4,1,3,0,0,0,Co.Offaly,Republic of Ireland,Leinster,County Offaly,Missing
Henry Cormac,1921,Wing,3,1,2,0,0,0,Howth,Republic of Ireland,Leinster,County Dublin,Fingal
Denis Cussen,1921,Wing,15,6,9,0,5,15,Limerick,Republic of Ireland,Munster,County Limerick,Limerick
Charles Hallaran,1921,Lock,15,6,9,0,0,0,Ceylon,United States of America,penna,Greene County,Ceylon
Thomas McClelland,1921,Flanker,16,5,11,0,2,6,?,g,n,i,s
Thomas Mayne,1921,Scrum-half,3,1,2,0,0,0,Belfast,United Kingdom,Northern Ireland,County Antrim,Belfast
Noel Purcell,1921,No. 8,4,1,3,0,0,0,Dublin,Republic of Ireland,Leinster,County Dublin,Dublin
John Thompson,1921,Flanker,8,2,6,0,0,0,?,g,n,i,s
Cecil Davidson,1921,Wing,1,0,1,0,0,0,?,g,n,i,s
Thomas Wallis,1921,Wing,5,1,4,0,1,14,Dublin,Republic of Ireland,Leinster,County Dublin,Dublin
Samuel McVicker,1922,Lock,4,1,3,0,0,0,Northern Ireland,United Kingdom,Northern Ireland,Missing,Missing
Reuben Owens,1922,Flanker,2,0,2,0,0,0,Dublin,Republic of Ireland,Leinster,County Dublin,Dublin
Donal Sullivan,1922,Centre,4,1,3,0,0,0,Co Cork,Republic of Ireland,Munster,County Cork,Missing
Jim Wheeler,1922,Fly-half,5,1,4,0,0,0,Belfast,United Kingdom,Northern Ireland,County Antrim,Belfast
Joseph Clarke,1922,Scrum-half,7,2,5,0,1,3,Dundrum,Republic of Ireland,Leinster,County Dublin,Dún Laoghaire-Rathdown
John Egan,1922,Flanker,1,0,1,0,0,0,?,g,n,i,s
Ivan Popham,1922,Lock,4,1,3,0,0,0,?,g,n,i,s
Henry Stephenson,1922,Wing,14,5,8,1,4,12,Northern Ireland,United Kingdom,Northern Ireland,Missing,Missing
Joseph Gillespie,1922,Prop,2,1,1,0,0,0,Co.Roscommon,Republic of Ireland,Connacht,County Roscommon,Missing
Joe Stewart,1922,Fullback,10,6,3,1,0,0,Boghill,United Kingdom,Northern Ireland,County Londonderry,Coleraine
Dick Collopy,1923,Prop,13,5,7,1,0,0,?,g,n,i,s
Dunlop Cunningham,1923,Lock,6,3,2,1,0,0,Belfast,United Kingdom,Northern Ireland,County Antrim,Belfast
James Gardiner,1923,Centre,13,5,7,1,1,3,?,g,n,i,s
Robert Gray,1923,No. 8,4,2,2,0,0,0,Co Monaghn,g,n,i,s
William Hall,1923,Fly-half,6,2,4,0,0,0,Belfast,United Kingdom,Northern Ireland,County Antrim,Belfast
Finlay Jackson,1923,Centre,1,0,1,0,0,0,Belfast,United Kingdom,Northern Ireland,County Antrim,Belfast
Robert McClenahan,1923,Wing,3,1,2,0,0,0,?,g,n,i,s
Jack Mahony,1923,No. 8,1,0,1,0,0,0,?,g,n,i,s
Peter Dunn,1923,Lock,1,0,1,0,0,0,?,g,n,i,s
Jamie Clinch,1923,Flanker,30,16,12,2,0,0,Dublin,Republic of Ireland,Leinster,County Dublin,Dublin
Arthur Douglas,1923,Wing,5,1,4,0,2,6,Belfast,United Kingdom,Northern Ireland,County Antrim,Belfast
Alfred Atkins,1924,Wing,1,1,0,0,1,3,Dublin,Republic of Ireland,Leinster,County Dublin,Dublin
William Collis,1924,Hooker,7,4,2,1,0,0,Killiney,Republic of Ireland,Leinster,County Dublin,Dún Laoghaire-Rathdown
John McDowell,1924,Fly-half,2,1,1,0,0,0,?,g,n,i,s
Jim McVicker,1924,Lock,23,11,10,2,0,0,Northern Ireland,United Kingdom,Northern Ireland,Missing,Missing
Ian Stuart,1924,Lock,2,0,2,0,0,0,Dublin,Republic of Ireland,Leinster,County Dublin,Dublin
Frank Hewitt,1924,Fly-half,9,5,3,1,2,6,Belfast,United Kingdom,Northern Ireland,County Antrim,Belfast
Tom Hewitt,1924,Wing,9,5,3,1,2,8,Belfast,United Kingdom,Northern Ireland,County Antrim,Belfast
Norman Brand,1924,Forward,3,0,3,0,0,0,Northern Ireland,United Kingdom,Northern Ireland,Missing,Missing
Alex Spain,1924,Lock,1,0,1,0,0,0,Cashel,Republic of Ireland,Munster,County Tipperary,Cashel
Mark Sugden,1925,Scrum-half,28,16,10,2,3,9,Staffs,Kenya,00200,Nairobi,Eastleigh
George Beamish,1925,No. 8,30,13,15,2,0,0,Munster,Republic of Ireland,Munster,Missing,Missing
William Browne,1925,Hooker,12,6,5,1,1,3,Longford,Republic of Ireland,Leinster,County Longford,Longford
Standish Cagney,1925,Lock,13,9,3,1,0,0,Harrow-on-the-Hill,United Kingdom,HA1 1BB,England,Greater London
Eugene Davy,1925,Fly-half,34,19,14,1,8,36,Dublin,Republic of Ireland,Leinster,County Dublin,Dublin
Robert Flood,1925,No. 8,1,1,0,0,0,0,?,g,n,i,s
Terence Millin,1925,Centre,1,1,0,0,1,3,Northern Ireland,United Kingdom,Northern Ireland,Missing,Missing
Jimmy Farrell,1926,Lock,34,18,15,1,0,0,Meath,United States of America,Arizona,Yavapai County,Janet Lane
Rex Hamilton,1926,Wing,1,1,0,0,0,0,Belfast,United Kingdom,Northern Ireland,County Antrim,Belfast
Joseph Neill,1926,Flanker,1,1,0,0,0,0,?,g,n,i,s
Allan Buchanan,1926,Prop,6,4,2,0,0,0,?,g,n,i,s
Charles Payne,1926,Hooker,16,10,5,1,0,0,Belfast,United Kingdom,Northern Ireland,County Antrim,Belfast
Jack Gage,1926,Wing,5,4,1,0,1,3,Worcester,United Kingdom,England,West Midlands,Worcestershire
Charles Hanrahan,1926,Prop,20,11,8,1,1,3,?,g,n,i,s
Maurice Atkinson,1927,Centre,2,1,1,0,0,0,Northern Ireland,United Kingdom,Northern Ireland,Missing,Missing
Jim Ganly,1927,Wing,12,7,5,0,7,24,Dublin,Republic of Ireland,Leinster,County Dublin,Dublin
Paul Murray,1927,Scrum-half,23,11,12,0,1,33,Dublin,Republic of Ireland,Leinster,County Dublin,Dublin
Norman Ross,1927,No. 8,2,1,1,0,0,0,Ballymena,United Kingdom,Northern Ireland,County Antrim,Ballymena
Hugh McVicker,1927,Lock,5,3,2,0,1,3,Northern Ireland,United Kingdom,Northern Ireland,Missing,Missing
Theodore Pike,1927,Prop,8,5,3,0,1,3,Thurles,Republic of Ireland,Munster,County Tipperary,Thurles
Joxer Arigho,1928,Wing,16,8,7,1,6,18,Dublin,Republic of Ireland,Leinster,County Dublin,Dublin
Thomas Bramwell,1928,Hooker,1,1,0,0,0,0,Co.Antrim,United Kingdom,Northern Ireland,County Antrim,Missing
Reginald Odbert,1928,Centre,1,1,0,0,0,0,Monkstown,Republic of Ireland,Leinster,County Dublin,Dún Laoghaire-Rathdown
Rowland Byers,1928,Wing,5,3,1,1,0,0,Belfast,United Kingdom,Northern Ireland,County Antrim,Belfast
Jerry Mullane,1928,Flanker,2,2,0,0,0,0,Newcastle West,Republic of Ireland,Munster,County Limerick,Newcastle West
Mike Dunne,1928,Lock,16,7,9,0,0,0,Co.Dublin,Republic of Ireland,Leinster,County Dublin,Missing
Hugh Browne,1929,Hooker,3,1,1,1,0,2,London,United Kingdom,England,Greater London,London
John Synge,1929,Flanker,1,0,1,0,0,0,Dublin,Republic of Ireland,Leinster,County Dublin,Dublin
Morgan Crowe,1929,Centre,13,6,6,1,2,6,Dublin,Republic of Ireland,Leinster,County Dublin,Dublin
Mark Deering,1929,Lock,1,0,0,1,0,0,Co Wicklow,Republic of Ireland,Leinster,County Wicklow,Missing
Claude Carroll,1930,Lock,1,0,1,0,0,0,Thurles,Republic of Ireland,Munster,County Tipperary,Thurles
Ted Hunt,1930,Centre,5,2,3,0,2,6,Dorset,United Kingdom,England,South West England,Dorset
William McCormick,1930,No. 8,1,1,0,0,0,0,Co Derry,United Kingdom,Northern Ireland,County Londonderry,Missing
Noel Murphy,1930,Flanker,11,5,6,0,0,0,Cork,Republic of Ireland,Munster,County Cork,Cork
Henry O'Neill,1930,Prop,11,4,7,0,0,0,Portstewart,United Kingdom,Northern Ireland,County Londonderry,Portstewart
Frederick Williamson,1930,Fullback,3,2,1,0,0,0,Wexford,Republic of Ireland,Leinster,County Wexford,Wexford
Ter Casey,1930,Hooker,2,1,1,0,0,0,Limerick,Republic of Ireland,Munster,County Limerick,Limerick
Major Egan,1931,Fullback,3,1,2,0,0,0,?,g,n,i,s
Edward Lightfoot,1931,Wing,11,5,6,0,3,9,Dublin,Republic of Ireland,Leinster,County Dublin,Dublin
Jack Russell,1931,Lock,19,8,11,0,2,6,Queenstown Cobh,g,n,i,s
Jack Siggins,1931,No. 8,24,11,13,0,1,12,Belfast,United Kingdom,Northern Ireland,County Antrim,Belfast
Hal Withers,1931,No. 8,5,2,3,0,0,0,?,g,n,i,s
Laurence McMahon,1931,Centre,12,5,7,0,3,12,London,United Kingdom,England,Greater London,London
Victor Pike,1931,Hooker,13,5,8,0,1,3,Thurles,Republic of Ireland,Munster,County Tipperary,Thurles
John Entrican,1931,Fullback,1,1,0,0,0,0,Cookstown,United Kingdom,Northern Ireland,County Tyrone,Cookstown
Dermot Morris,1931,Fullback,6,2,4,0,0,0,Dublin,Republic of Ireland,Leinster,County Dublin,Dublin
William Ross,1932,Flanker,9,3,6,0,2,6,?,g,n,i,s
Michael Sheehan,1932,Scrum-half,1,0,1,0,0,0,Limerick,Republic of Ireland,Munster,County Limerick,Limerick
Shaun Waide,1932,Wing,5,3,2,0,3,9,?,g,n,i,s
Ernest Ridgeway,1932,Centre,5,4,1,0,1,3,Dublin,Republic of Ireland,Leinster,County Dublin,Dublin
Robin Pratt,1933,Fullback,5,1,4,0,0,0,Enniskillen,United Kingdom,Northern Ireland,County Fermanagh,Enniskillen
Bobby Barnes,1933,Centre,1,1,0,0,1,3,Northern Ireland,United Kingdom,Northern Ireland,Missing,Missing
Charles Beamish,1933,Prop,12,5,7,0,1,3,Cork,Republic of Ireland,Munster,County Cork,Cork
Paddy Coote,1933,Centre,1,0,1,0,0,0,Eton,France,55240,France métropolitaine,Lorraine
Joseph O'Connor,1933,Wing,11,3,8,0,3,9,Castleisland,Republic of Ireland,Munster,County Kerry,Castleisland
Mebs Bardon,1934,Flanker,1,0,1,0,0,0,Wicklow,Republic of Ireland,Leinster,County Wicklow,Wicklow
Bob Graves,1934,Hooker,17,6,11,0,0,0,Co Kerry,Republic of Ireland,Munster,County Kerry,Missing
George Morgan,1934,Scrum-half,20,9,11,0,2,6,Dublin,Republic of Ireland,Leinster,County Dublin,Dublin
James Reardon,1934,Centre,2,0,2,0,0,0,?,g,n,i,s
Sam Walker,1934,Prop,18,7,11,0,1,7,Belfast,United Kingdom,Northern Ireland,County Antrim,Belfast
Ham Lambert,1934,Centre,2,0,2,0,0,0,Dublin,Republic of Ireland,Leinster,County Dublin,Dublin
David Lane,1934,Wing,4,1,3,0,0,0,Cork,Republic of Ireland,Munster,County Cork,Cork
John Reid,1934,Fly-half,2,0,2,0,0,0,Co Cork,Republic of Ireland,Munster,County Cork,Missing
Aidan Bailey,1934,Centre,13,6,7,0,4,22,Dublin,Republic of Ireland,Leinster,County Dublin,Dublin
Daniel Langan,1934,Fullback,1,0,1,0,0,0,Dublin,Republic of Ireland,Leinster,County Dublin,Dublin
Noel McGrath,1934,Prop,1,0,1,0,0,0,Wakefield,United Kingdom,England,Yorkshire and the Humber,Wakefield
John Megaw,1934,No. 8,2,0,2,0,0,0,Belfast,United Kingdom,Northern Ireland,County Antrim,Belfast
Philip Crowe,1935,Fullback,2,0,2,0,0,2,Dublin,Republic of Ireland,Leinster,County Dublin,Dublin
Seamus Deering,1935,Lock,9,5,4,0,0,0,Co Wicklow,Republic of Ireland,Leinster,County Wicklow,Missing
Patrick Lawlor,1935,Flanker,6,4,2,0,1,3,Co Wicklow,Republic of Ireland,Leinster,County Wicklow,Missing
Mike Sayers,1935,Flanker,10,6,4,0,0,3,Madras,India,600001,Tamil Nadu,Chennai
Victor Hewitt,1935,Fly-half,6,4,2,0,0,4,Belfast,United Kingdom,Northern Ireland,County Antrim,Belfast
Jack Doyle,1935,Wing,1,1,0,0,1,3,?,g,n,i,s
Vesey Boyle,1935,Wing,11,5,6,0,1,3,Dublin,Republic of Ireland,Leinster,County Dublin,Dublin
Thomas Dunn,1935,Prop,1,0,1,0,0,0,?,g,n,i,s
George Malcolmson,1935,Fullback,7,4,3,0,0,0,Northern Ireland,United Kingdom,Northern Ireland,Missing,Missing
Clive Wallis,1935,Prop,1,0,1,0,0,0,Dublin,Republic of Ireland,Leinster,County Dublin,Dublin
Bob Alexander,1936,Flanker,14,7,7,0,2,6,Belfast,United Kingdom,Northern Ireland,County Antrim,Belfast
Fred Moran,1936,Wing,9,5,4,0,6,18,?,g,n,i,s
Thomas Corken,1937,Hooker,3,2,1,0,0,0,Northern Ireland,United Kingdom,Northern Ireland,Missing,Missing
George Cromey,1937,Fly-half,10,5,5,0,2,6,Northern Ireland,United Kingdom,Northern Ireland,Missing,Missing
Blair Mayne,1937,Lock,9,4,5,0,1,3,Northern Ireland,United Kingdom,Northern Ireland,Missing,Missing
Charles Reidy,1937,Prop,1,1,0,0,0,0,London,United Kingdom,England,Greater London,London
Ted Ryan,1937,Prop,3,1,2,0,0,0,Co.Clare,Republic of Ireland,Munster,County Clare,Missing
Maurice Daly,1938,Wing,1,0,1,0,1,3,?,g,n,i,s
John Irwin,1938,No. 8,5,2,3,0,1,3,Northern Ireland,United Kingdom,Northern Ireland,Missing,Missing
Victor Lyttle,1938,Wing,3,2,1,0,0,0,Belfast,United Kingdom,Northern Ireland,County Antrim,Belfast
David O'Loughlin,1938,Lock,6,2,4,0,1,3,Glenbeigh,Republic of Ireland,Munster,County Kerry,Glenbeigh
Ronald Craig,1938,Fullback,2,0,2,0,0,0,Belfast,United Kingdom,Northern Ireland,County Antrim,Belfast
Hector Kennedy,1938,Prop,2,0,2,0,0,0,?,g,n,i,s
Donough Tierney,1938,Lock,3,1,2,0,0,0,?,g,n,i,s
Harry McKibbin,1938,Centre,7,3,4,0,0,12,Belfast,United Kingdom,Northern Ireland,County Antrim,Belfast
Desmond Torrens,1938,Centre,4,2,2,0,1,3,?,g,n,i,s
Con Murphy,1939,Fullback,5,3,2,0,0,0,Dublin,Republic of Ireland,Leinster,County Dublin,Dublin
James Ryan,1939,Prop,3,2,1,0,0,0,Dublin,Republic of Ireland,Leinster,County Dublin,Dublin
Charles Teehan,1939,Prop,3,2,1,0,0,0,Co Cork,Republic of Ireland,Munster,County Cork,Missing
Thomas Headon,1939,Prop,2,1,1,0,0,0,Ballyporeen,Republic of Ireland,Munster,County Tipperary,Ballyporeen
Robert Agar,1947,No. 8,10,5,4,1,0,0,Co Carlow,Republic of Ireland,Leinster,County Carlow,Missing
Colm Callan,1947,Lock,10,7,3,0,0,0,Co Louth,Republic of Ireland,Leinster,County Louth,Missing
Ray Carroll,1947,Scrum-half,3,1,2,0,0,0,Dublin,Republic of Ireland,Leinster,County Dublin,Dublin
John Daly,1947,Prop,7,5,2,0,1,3,Queenstown,New Zealand/Aotearoa,Otago,Queenstown-Lakes District,Queenstown
John Harper,1947,Centre,3,2,1,0,0,0,Belfast,United Kingdom,Northern Ireland,County Antrim,Belfast
Donal Hingerty,1947,Flanker,4,2,2,0,0,0,Dublin,Republic of Ireland,Leinster,County Dublin,Dublin
Ernie Keeffe,1947,Lock,6,3,3,0,0,0,Cork,Republic of Ireland,Munster,County Cork,Cork
Jackie Kyle,1947,Fly-half,52,25,22,5,9,30,Northern Ireland,United Kingdom,Northern Ireland,Missing,Missing
Bill McKay,1947,Flanker,29,16,10,3,3,9,Waterford,Republic of Ireland,Munster,County Waterford,Waterford
Barney Mullan,1947,Wing,8,6,2,0,6,36,?,g,n,i,s
Karl Mullen,1947,Hooker,28,16,9,3,0,0,Courtown Harbour,Republic of Ireland,Leinster,County Wexford,Courtown
Matthew Neely,1947,Prop,4,2,2,0,0,0,Northern Ireland,United Kingdom,Northern Ireland,Missing,Missing
Brendan Quinn,1947,Wing,1,0,1,0,0,0,Dublin,Republic of Ireland,Leinster,County Dublin,Dublin
Kevin Quinn,1947,Centre,5,2,2,1,0,3,Co Galway,Republic of Ireland,Connacht,County Galway,Missing
Jack Monteith,1947,Centre,3,2,1,0,0,0,Northern Ireland,United Kingdom,Northern Ireland,Missing,Missing
Bertie O'Hanlon,1947,Wing,12,9,2,1,3,9,Cork,Republic of Ireland,Munster,County Cork,Cork
Ernest Strathdee,1947,Scrum-half,9,7,2,0,0,0,?,g,n,i,s
Dudley Higgins,1947,Fullback,6,4,2,0,0,0,Wicklow,Republic of Ireland,Leinster,County Wicklow,Wicklow
Mick Lane,1947,Wing,19,10,6,3,1,3,Cork,Republic of Ireland,Munster,County Cork,Cork
Jimmy Corcoran,1947,Prop,2,1,1,0,0,0,Cork,Republic of Ireland,Munster,County Cork,Cork
Albert McConnell,1947,Prop,7,5,2,0,0,0,Belfast,United Kingdom,Northern Ireland,County Antrim,Belfast
Desmond McCourt,1947,No. 8,1,0,1,0,0,0,Northern Ireland,United Kingdom,Northern Ireland,Missing,Missing
William McKee,1947,Centre,12,7,4,1,2,6,Northern Ireland,United Kingdom,Northern Ireland,Missing,Missing
Jimmy Nelson,1947,Lock,20,11,7,2,3,9,Belfast,United Kingdom,Northern Ireland,County Antrim,Belfast
Kevin O'Flanagan,1947,Wing,1,0,1,0,0,0,Dublin,Republic of Ireland,Leinster,County Dublin,Dublin
Paddy Reid,1947,Centre,4,3,1,0,1,3,Limerick,Republic of Ireland,Munster,County Limerick,Limerick
Richard Wilkinson,1947,Lock,1,0,1,0,0,0,Dublin,Republic of Ireland,Leinster,County Dublin,Dublin
Jim McCarthy,1948,Flanker,28,15,10,3,8,24,Cork,Republic of Ireland,Munster,County Cork,Cork
Hugh de Lacy,1948,Scrum-half,2,2,0,0,0,0,?,g,n,i,s
John Mattsson,1948,Fullback,1,1,0,0,0,0,Co.Cork,Republic of Ireland,Munster,County Cork,Missing
Des O'Brien,1948,No. 8,20,12,6,2,1,3,Dublin,Republic of Ireland,Leinster,County Dublin,Dublin
Michael O'Flanagan,1948,Centre,1,1,0,0,0,0,Dublin,Republic of Ireland,Leinster,County Dublin,Dublin
Tom Clifford,1949,Prop,19,10,7,2,1,3,Tipperary,Republic of Ireland,Munster,County Tipperary,Tipperary
Thomas Cullen,1949,Scrum-half,1,0,1,0,0,0,Dublin,Republic of Ireland,Leinster,County Dublin,Dublin
Tom Gavin,1949,Centre,2,1,1,0,0,0,Coventry,United Kingdom,England,West Midlands,Coventry
George Norton,1949,Fullback,11,7,3,1,0,41,Dublin,Republic of Ireland,Leinster,County Dublin,Dublin
Leslie Griffin,1949,Prop,2,2,0,0,0,0,Arklow,Republic of Ireland,Leinster,County Wicklow,Arklow
Noel Henderson,1949,Centre,41,18,19,4,3,54,Northern Ireland,United Kingdom,Northern Ireland,Missing,Missing
John Burges,1950,Scrum-half,2,0,1,1,0,3,Tipperary,Republic of Ireland,Munster,County Tipperary,Tipperary
Arthur Curtis,1950,Flanker,3,1,1,1,1,3,Shanghai,中华人民共和国,上海,黄浦区 (Huangpu),上海市
Des McKibbin,1950,Prop,8,4,2,2,0,3,Northern Ireland,United Kingdom,Northern Ireland,Missing,Missing
Louis Crowe,1950,Wing,3,1,2,0,1,3,Co.Tipperary,Republic of Ireland,Munster,County Tipperary,Missing
George Phipps,1950,Centre,5,1,4,0,0,0,Peshawar,‏پاکستان‎,خیبر پختونخوا,Peshāwar District,Peshawar
John Blayney,1950,Centre,1,1,0,0,1,3,Dublin,Republic of Ireland,Leinster,County Dublin,Dublin
Jacko Molony,1950,Lock,1,1,0,0,0,0,Thurles,Republic of Ireland,Munster,County Tipperary,Thurles
Hex Uprichard,1950,Centre,2,1,1,0,0,0,Northern Ireland,United Kingdom,Northern Ireland,Missing,Missing
Richard Chambers,1951,Centre,6,4,1,1,0,0,Northern Ireland,United Kingdom,Northern Ireland,Missing,Missing
Cornelius Griffin,1951,Wing,2,2,0,0,0,0,London,United Kingdom,England,Greater London,London
John O'Meara,1951,Scrum-half,22,10,9,3,2,6,Cork,Republic of Ireland,Munster,County Cork,Cork
John Smith,1951,Prop,12,5,6,1,0,0,Northern Ireland,United Kingdom,Northern Ireland,Missing,Missing
William Millar,1951,Wing,5,3,1,1,0,0,Northern Ireland,United Kingdom,Northern Ireland,Missing,Missing
James Brady,1951,Lock,12,6,4,2,0,0,Northern Ireland,United Kingdom,Northern Ireland,Missing,Missing
Patrick Lawlor,1951,Lock,12,5,7,0,1,3,Dublin,Republic of Ireland,Leinster,County Dublin,Dublin
Angus McMorrow,1951,Fullback,1,0,0,1,0,0,Sligo,Republic of Ireland,Connacht,County Sligo,Sligo
Antony Browne,1951,Centre,1,0,1,0,1,3,?,g,n,i,s
Gerry Murphy,1951,Fullback,6,1,5,0,0,5,Northern Ireland,United Kingdom,Northern Ireland,Missing,Missing
Robin Thompson,1951,Lock,14,4,10,0,0,0,Northern Ireland,United Kingdom,Northern Ireland,Missing,Missing
John Notley,1952,Fullback,2,2,0,0,0,2,Co Roscom'n,g,n,i,s
Mick Dargan,1952,Flanker,2,1,1,0,0,0,Dublin,Republic of Ireland,Leinster,County Dublin,Dublin
Archie O'Leary,1952,Lock,3,1,2,0,0,0,Cork,Republic of Ireland,Munster,County Cork,Cork
Niall Bailey,1952,Wing,1,0,1,0,0,0,Dublin,Republic of Ireland,Leinster,County Dublin,Dublin
Michael Hillary,1952,Wing,1,0,1,0,0,0,Malaya,Philippines,Metro Manila,Quezon City,District IV
Patrick Kavanagh,1952,Flanker,2,0,2,0,0,0,Dublin,Republic of Ireland,Leinster,County Dublin,Dublin
William O'Neill,1952,Prop,6,2,3,1,0,0,Dublin,Republic of Ireland,Leinster,County Dublin,Dublin
Robin Roe,1952,Hooker,21,7,12,2,0,0,Ballybrophy,Republic of Ireland,Leinster,County Laois,Ballybrophy
Fuzzy Anderson,1953,Prop,13,3,8,2,0,0,Northern Ireland,United Kingdom,Northern Ireland,Missing,Missing
Ewart Bell,1953,Flanker,4,2,1,1,0,0,Northern Ireland,United Kingdom,Northern Ireland,Missing,Missing
Robin Gregg,1953,Fullback,7,3,3,1,0,12,Northern Ireland,United Kingdom,Northern Ireland,Missing,Missing
James Kavanagh,1953,Flanker,35,12,21,2,4,12,Dublin,Republic of Ireland,Leinster,County Dublin,Dublin
Maurice Mortell,1953,Wing,9,3,5,1,5,15,Co Cork,Republic of Ireland,Munster,County Cork,Missing
Tom Reid,1953,Lock,15,4,9,2,0,0,Limerick,Republic of Ireland,Munster,County Limerick,Limerick
Seamus Byrne,1953,Wing,3,1,2,0,4,12,Dublin,Republic of Ireland,Leinster,County Dublin,Dublin
Cecil Pedlow,1953,Wing,32,7,23,2,4,36,Northern Ireland,United Kingdom,Northern Ireland,Missing,Missing
Gerard Reidy,1953,Flanker,5,1,4,0,0,0,Cork,Republic of Ireland,Munster,County Cork,Cork
Joseph Gaston,1954,Wing,8,1,7,0,1,3,Northern Ireland,United Kingdom,Northern Ireland,Missing,Missing
William Hewitt,1954,Fly-half,4,1,3,0,0,0,Northern Ireland,United Kingdom,Northern Ireland,Missing,Missing
James Murphy-O'Connor,1954,No. 8,1,0,1,0,0,3,Reading,United Kingdom,England,South East,Reading
Gordon Wood,1954,Prop,31,10,21,0,1,3,Limerick,Republic of Ireland,Munster,County Limerick,Limerick
Robin Godfrey,1954,Centre,2,1,1,0,0,0,Essex,United Kingdom,England,East of England,Essex
Seamus Kelly,1954,Fly-half,5,1,4,0,0,12,Wexford,Republic of Ireland,Leinster,County Wexford,Wexford
Patrick Berkery,1954,Fullback,11,6,5,0,0,5,Clonmel,Republic of Ireland,Munster,County Tipperary,Clonmel
Herbert McCracken,1954,Scrum-half,1,0,1,0,0,0,Northern Ireland,United Kingdom,Northern Ireland,Missing,Missing
Marney Cunningham,1955,Flanker,7,2,4,1,1,3,Cork,Republic of Ireland,Munster,County Cork,Cork
William O'Connell,1955,Lock,1,0,1,0,0,0,Limerick,Republic of Ireland,Munster,County Limerick,Limerick
Patrick O'Donoghue,1955,Prop,11,4,6,1,0,0,Dun Laoghaire,Republic of Ireland,Leinster,County Dublin,Dún Laoghaire-Rathdown
Tony O'Reilly,1955,Wing,39,15,23,1,10,30,Dublin,Republic of Ireland,Leinster,County Dublin,Dublin
William Tector,1955,Fullback,3,0,2,1,0,0,Co Wexford,Republic of Ireland,Leinster,County Wexford,Missing
Mick Madden,1955,Lock,3,0,2,1,0,0,Cork,Republic of Ireland,Munster,County Cork,Cork
Richard Roche,1955,Wing,4,1,2,1,0,0,Co Galway,Republic of Ireland,Connacht,County Galway,Missing
Sean McDermott,1955,Scrum-half,2,0,2,0,0,0,Kinsale,Republic of Ireland,Munster,County Cork,Kinsale
David MacSweeney,1955,Flanker,1,0,1,0,0,0,Co Waterf,g,n,i,s
George Ross,1955,No. 8,1,0,1,0,0,0,Northern Ireland,United Kingdom,Northern Ireland,Missing,Missing
Cecil Fagan,1956,Prop,3,1,2,0,0,0,Dublin,Republic of Ireland,Leinster,County Dublin,Dublin
Adrian Kennedy,1956,No. 8,1,0,1,0,0,0,Northern Ireland,United Kingdom,Northern Ireland,Missing,Missing
Jimmy McKelvey,1956,Fullback,2,0,2,0,0,0,Northern Ireland,United Kingdom,Northern Ireland,Missing,Missing
Andy Mulligan,1956,Scrum-half,23,7,16,0,0,0,Kasauli,India,Himachal Pradesh,Solan,Kasauli
Sean Quinlan,1956,Wing,4,1,3,0,0,0,Cork,Republic of Ireland,Munster,County Cork,Cork
James Ritchie,1956,Flanker,2,0,2,0,0,0,Northern Ireland,United Kingdom,Northern Ireland,Missing,Missing
Noel Feddis,1956,Flanker,1,0,1,0,0,0,Dublin,Republic of Ireland,Leinster,County Dublin,Dublin
Brendan Guerin,1956,Lock,1,1,0,0,0,0,Waterford,Republic of Ireland,Munster,County Waterford,Waterford
Charlie Lydon,1956,Flanker,1,1,0,0,0,0,Westport,United States of America,Connecticut,Fairfield County,Westport
Leo Lynch,1956,Lock,1,1,0,0,0,0,Dublin,Republic of Ireland,Leinster,County Dublin,Dublin
Timothy McGrath,1956,No. 8,7,1,6,0,0,0,Cork,Republic of Ireland,Munster,County Cork,Cork
Niall Brophy,1957,Wing,22,7,12,3,4,12,Dublin,Republic of Ireland,Leinster,County Dublin,Dublin
Hubert O'Connor,1957,Flanker,4,2,2,0,0,0,Dublin,Republic of Ireland,Leinster,County Dublin,Dublin
Tony O'Sullivan,1957,No. 8,15,5,9,1,1,3,Galway,Republic of Ireland,Connacht,County Galway,Cathair na Gaillimhe
James Brennan,1957,Prop,2,1,1,0,0,0,Northern Ireland,United Kingdom,Northern Ireland,Missing,Missing
Ronnie Dawson,1958,Hooker,33,10,21,2,2,6,Dublin,Republic of Ireland,Leinster,County Dublin,Dublin
James Donaldson,1958,Flanker,4,2,2,0,0,0,Northern Ireland,United Kingdom,Northern Ireland,Missing,Missing
Dave Hewitt,1958,Centre,24,8,16,0,2,32,Northern Ireland,United Kingdom,Northern Ireland,Missing,Missing
Bill Mulcahy,1958,Lock,41,12,25,4,0,0,Limerick,Republic of Ireland,Munster,County Limerick,Limerick
Noel Murphy,1958,Flanker,49,20,27,2,6,18,Cork,Republic of Ireland,Munster,County Cork,Cork
James Stevenson,1958,Lock,5,2,3,0,0,0,Northern Ireland,United Kingdom,Northern Ireland,Missing,Missing
Michael English,1958,Fly-half,16,3,11,2,0,9,Limerick,Republic of Ireland,Munster,County Limerick,Limerick
Eric Brown,1958,Flanker,1,0,1,0,0,0,Northern Ireland,United Kingdom,Northern Ireland,Missing,Missing
Dion Glass,1958,"Centre, Wing",4,0,4,0,0,0,Northern Ireland,United Kingdom,Northern Ireland,Missing,Missing
Syd Millar,1958,Prop,46,14,27,5,0,0,Northern Ireland,United Kingdom,Northern Ireland,Missing,Missing
Gerry Culliton,1959,Lock,19,4,15,0,1,3,Laois,Republic of Ireland,Leinster,County Laois,Missing
John Dooley,1959,Centre,3,1,2,0,1,3,Galway,Republic of Ireland,Connacht,County Galway,Cathair na Gaillimhe
Kevin Flynn,1959,Centre,22,8,10,4,5,17,Dublin,Republic of Ireland,Leinster,County Dublin,Dublin
Walter Bornemann,1960,Wing,4,0,4,0,0,0,,g,n,i,s
Tom Kiernan,1960,Fullback,59,23,28,8,2,193,Cork,Republic of Ireland,Munster,County Cork,Cork
Barton McCallan,1960,Hooker,2,0,2,0,0,0,Northern Ireland,United Kingdom,Northern Ireland,Missing,Missing
Jerry Walsh,1960,Centre,26,9,15,2,1,3,Cork,Republic of Ireland,Munster,County Cork,Cork
Locky Butler,1960,Hooker,1,0,1,0,0,0,Bray,Republic of Ireland,Leinster,County Wicklow,Bray
Paddy Costello,1960,Lock,1,0,1,0,0,0,Dublin,Republic of Ireland,Leinster,County Dublin,Dublin
William Armstrong,1960,Fly-half,2,1,1,0,0,0,Northern Ireland,United Kingdom,Northern Ireland,Missing,Missing
Ronald McCarten,1961,Wing,3,1,2,0,0,0,Cumberland,United States of America,Illinois,Cumberland County,Missing
Jonathan Moffett,1961,Scrum-half,2,1,1,0,0,10,Northern Ireland,United Kingdom,Northern Ireland,Missing,Missing
Ian Dick,1961,No. 8,8,1,5,2,0,0,Northern Ireland,United Kingdom,Northern Ireland,Missing,Missing
Thomas Nesdale,1961,Flanker,1,0,1,0,0,0,Cork,Republic of Ireland,Munster,County Cork,Cork
Dennis Scott,1961,Flanker,3,0,3,0,0,0,Northern Ireland,United Kingdom,Northern Ireland,Missing,Missing
Kenneth Houston,1961,Wing,6,2,3,1,0,0,?,g,n,i,s
Jimmy Dick,1962,Hooker,1,0,1,0,0,0,Northern Ireland,United Kingdom,Northern Ireland,Missing,Missing
Francis Gilpin,1962,Fullback,3,0,3,0,0,0,Northern Ireland,United Kingdom,Northern Ireland,Missing,Missing
Michael Hipwell,1962,No. 8,12,5,6,1,0,0,Carlow,Republic of Ireland,Leinster,County Carlow,Carlow
Ray Hunter,1962,Wing,10,0,7,3,1,6,Northern Ireland,United Kingdom,Northern Ireland,Missing,Missing
Laurence l'Estrange,1962,Wing,1,0,1,0,0,0,Lancs,United Kingdom,S6 3TB,England,Yorkshire and the Humber
Willie-John McBride,1962,Lock,80,33,34,13,2,7,Northern Ireland,United Kingdom,Northern Ireland,Missing,Missing
Ray McLoughlin,1962,Prop,43,18,18,7,2,7,Ballinasloe,Republic of Ireland,Connacht,County Galway,Ballinasloe
John Quirke,1962,Scrum-half,3,1,2,0,0,0,Dublin,Republic of Ireland,Leinster,County Dublin,Dublin
Patrick Turley,1962,Flanker,1,0,1,0,0,0,Co Laois,Republic of Ireland,Leinster,County Laois,Missing
Gerald Hardy,1962,Fly-half,1,0,1,0,0,0,Co Louth,Republic of Ireland,Leinster,County Louth,Missing
Noel Byrne,1962,Wing,1,0,1,0,0,0,Co Kildare,Republic of Ireland,Leinster,County Kildare,Missing
James Kelly,1962,Scrum-half,11,2,7,2,0,0,Dublin,Republic of Ireland,Leinster,County Dublin,Dublin
Patrick Dwyer,1962,Prop,5,0,4,1,0,0,Co Galway,Republic of Ireland,Connacht,County Galway,Missing
Matthew Kiely,1962,Flanker,5,1,2,2,0,0,?,g,n,i,s
Michael O'Callaghan,1962,Prop,3,1,1,1,0,0,?,g,n,i,s
Patrick Casey,1963,Wing,12,4,6,2,3,9,Dublin,Republic of Ireland,Leinster,County Dublin,Dublin
John Murray,1963,Fly-half,1,0,1,0,0,0,Dublin,Republic of Ireland,Leinster,County Dublin,Dublin
Eamonn McGuire,1963,Flanker,8,2,5,1,0,0,Galway,Republic of Ireland,Connacht,County Galway,Cathair na Gaillimhe
Brian Marshall,1963,Fullback,1,0,0,1,0,0,1940,Norge,Troms,Kåfjord,Missing
Alan Duggan,1963,Wing,25,14,8,3,11,34,Dublin,Republic of Ireland,Leinster,County Dublin,Dublin
John Fortune,1963,Wing,2,1,1,0,1,3,Dublin,Republic of Ireland,Leinster,County Dublin,Dublin
Mike Gibson,1964,Centre,81,31,39,11,9,112,Northern Ireland,United Kingdom,Northern Ireland,Missing,Missing
Fergus Keogh,1964,Fullback,2,0,2,0,0,6,Dublin,Republic of Ireland,Leinster,County Dublin,Dublin
Paddy Lane,1964,Hooker,1,0,1,0,0,0,Co Clare,Republic of Ireland,Munster,County Clare,Missing
Mick Leahy,1964,Lock,1,0,1,0,0,0,Co Galway,Republic of Ireland,Connacht,County Galway,Missing
Al Moroney,1964,Prop,3,1,2,0,0,0,Co Clare,Republic of Ireland,Munster,County Clare,Missing
Mick Doyle,1965,Flanker,21,11,7,3,2,6,Castleisland,Republic of Ireland,Munster,County Kerry,Castleisland
Ken Kennedy,1965,Hooker,49,25,17,7,1,3,Kent,United Kingdom,England,South East,Kent
Ronnie Lamont,1965,Flanker,16,5,8,3,2,6,Northern Ireland,United Kingdom,Northern Ireland,Missing,Missing
Sean MacHale,1965,Prop,12,6,4,2,0,0,Ballina,Republic of Ireland,Connacht,County Mayo,Ballina
Roger Young,1965,Scrum-half,30,15,11,4,1,3,Northern Ireland,United Kingdom,Northern Ireland,Missing,Missing
Paddy McGrath,1965,Wing,10,6,3,1,4,12,Burma,ပြည်ထောင်စုမြန်မာနိုင်ငံတော်‌,Missing,Missing,Missing
Henry Wall,1965,No. 8,2,1,1,0,0,0,Cork,Republic of Ireland,Munster,County Cork,Cork
Mick Molloy,1966,Lock,27,14,10,3,2,6,Galway,Republic of Ireland,Connacht,County Galway,Cathair na Gaillimhe
Barry Bresnihan,1966,Centre,28,13,10,5,5,15,Waterford,Republic of Ireland,Munster,County Waterford,Waterford
Aidan Brady,1966,Hooker,4,2,1,1,0,0,Dublin,Republic of Ireland,Leinster,County Dublin,Dublin
Oliver Waldron,1966,Lock,3,2,1,0,0,0,Cork,Republic of Ireland,Munster,County Cork,Cork
Ken Goodall,1967,No. 8,19,12,5,2,3,9,Leeds,United Kingdom,England,Yorkshire and the Humber,Leeds
Philo O'Callaghan,1967,Prop,21,10,9,2,0,0,Cork,Republic of Ireland,Munster,County Cork,Cork
Harry Rea,1967,Centre,2,2,0,0,0,0,Northern Ireland,United Kingdom,Northern Ireland,Missing,Missing
Brendan Sherry,1967,Scrum-half,6,3,2,1,0,0,Cork,Republic of Ireland,Munster,County Cork,Cork
Robert Scott,1967,Wing,5,1,3,1,0,0,Northern Ireland,United Kingdom,Northern Ireland,Missing,Missing
Sam Hutton,1967,Prop,4,3,1,0,0,0,?,g,n,i,s
Terry Moore,1967,No. 8,12,5,4,3,1,4,Cork,Republic of Ireland,Munster,County Cork,Cork
Billy McCombe,1968,Fly-half,5,2,3,0,1,32,Kampala,Uganda,Central Region,Kampala,Missing
Brian O'Brien,1968,Centre,3,1,1,1,0,0,Limerick,Republic of Ireland,Munster,County Limerick,Limerick
Thomas Doyle,1968,Flanker,3,2,0,1,0,0,Castleisland,Republic of Ireland,Munster,County Kerry,Castleisland
Laurence Hunter,1968,Centre,2,2,0,0,0,0,Northern Ireland,United Kingdom,Northern Ireland,Missing,Missing
John Moroney,1968,Wing,6,5,1,0,1,20,Tipperary,Republic of Ireland,Munster,County Tipperary,Tipperary
Jim Tydings,1968,Wing,1,1,0,0,0,0,Limerick,Republic of Ireland,Munster,County Limerick,Limerick
James Davidson,1969,Flanker,6,3,2,1,0,0,Northern Ireland,United Kingdom,Northern Ireland,Missing,Missing
Barry McGann,1969,Fly-half,25,11,11,3,1,72,?,g,n,i,s
Colin Grimshaw,1969,Scrum-half,1,1,0,0,0,0,?,g,n,i,s
William Brown,1970,Wing,4,2,1,1,1,3,Northern Ireland,United Kingdom,Northern Ireland,Missing,Missing
Eric Campbell,1970,Lock,1,0,0,1,0,0,Co Carlow,Republic of Ireland,Leinster,County Carlow,Missing
Fergus Slattery,1970,Flanker,65,27,30,8,3,12,Dun Laoghaire,Republic of Ireland,Leinster,County Dublin,Dún Laoghaire-Rathdown
Edwin Grant,1971,Wing,4,1,2,1,3,9,Northern Ireland,United Kingdom,Northern Ireland,Missing,Missing
Denis Hickie,1971,No. 8,6,3,2,1,0,0,Dublin,Republic of Ireland,Leinster,County Dublin,Dublin
Sean Lynch,1971,Prop,21,9,7,5,0,0,Dublin,Republic of Ireland,Leinster,County Dublin,Dublin
Barry O'Driscoll,1971,Fullback,4,1,2,1,0,6,Dublin,Republic of Ireland,Leinster,County Dublin,Dublin
Con Feighery,1972,Lock,3,3,0,0,0,0,Dublin,Republic of Ireland,Leinster,County Dublin,Dublin
Tom Grace,1972,Wing,25,9,14,2,6,24,Dublin,Republic of Ireland,Leinster,County Dublin,Dublin
Stewart McKinney,1972,Flanker,25,9,15,1,2,11,Northern Ireland,United Kingdom,Northern Ireland,Missing,Missing
Arthur McMaster,1972,Wing,18,8,8,2,2,8,Northern Ireland,United Kingdom,Northern Ireland,Missing,Missing
John Moloney,1972,Scrum-half,27,14,10,3,4,16,Limerick,Republic of Ireland,Munster,County Limerick,Limerick
Kevin Mays,1973,Lock,4,1,2,1,0,0,London,United Kingdom,England,Greater London,London
James Buckley,1973,Flanker,2,1,1,0,0,0,?,g,n,i,s
Dick Milliken,1973,Centre,18,9,6,3,3,12,Northern Ireland,United Kingdom,Northern Ireland,Missing,Missing
Anthony Ensor,1973,Fullback,22,7,13,2,1,31,Dublin,Republic of Ireland,Leinster,County Dublin,Dublin
Roger Clegg,1973,Prop,5,3,2,0,0,0,Co Cork,Republic of Ireland,Munster,County Cork,Missing
Seamus Dennison,1973,Wing,3,2,1,0,1,4,Limerick,Republic of Ireland,Munster,County Limerick,Limerick
Michael Quinn,1973,Fly-half,10,3,5,2,0,18,Dublin,Republic of Ireland,Leinster,County Dublin,Dublin
Vincent Becker,1974,Wing,2,0,1,1,0,0,Dublin,Republic of Ireland,Leinster,County Dublin,Dublin
Moss Keane,1974,Lock,52,17,31,4,1,4,Co Kerry,Republic of Ireland,Munster,County Kerry,Missing
Patrick Agnew,1974,Prop,2,0,2,0,0,0,Northern Ireland,United Kingdom,Northern Ireland,Missing,Missing
Shay Deering,1974,Flanker,8,1,6,1,0,0,Dublin,Republic of Ireland,Leinster,County Dublin,Dublin
Patrick Lavery,1974,Centre,2,0,1,1,0,0,Cheltenham,United Kingdom,England,South West England,Gloucestershire
Alan Doherty,1974,,1,0,0,1,0,0,Enniscorthy,Republic of Ireland,Leinster,County Wexford,Enniscorthy
James Crowe,1974,Centre,1,0,1,0,0,0,Dublin,Republic of Ireland,Leinster,County Dublin,Dublin
Pat Parfrey,1974,Wing,1,0,1,0,0,0,Cork,Republic of Ireland,Munster,County Cork,Cork
Willie Duggan,1975,No. 8,45,13,31,1,2,8,Kilkenny,Republic of Ireland,Leinster,County Kilkenny,Kilkenny
Pa Whelan,1975,Hooker,19,3,14,2,0,0,Limerick,Republic of Ireland,Munster,County Limerick,Limerick
Michael Sherry,1975,Flanker,2,1,1,0,0,0,Co Mayo,Republic of Ireland,Connacht,County Mayo,Missing
Ollie Campbell,1976,Fly-half,29,11,18,0,1,243,Dublin,Republic of Ireland,Leinster,County Dublin,Dublin
John Cantrell,1976,Hooker,9,1,8,0,0,0,Limerick,Republic of Ireland,Munster,County Limerick,Limerick
Ian McIlrath,1976,Centre,5,0,5,0,0,0,Northern Ireland,United Kingdom,Northern Ireland,Missing,Missing
Phelim McLoughlin,1976,Prop,1,0,1,0,0,0,Ballinasloe,Republic of Ireland,Connacht,County Galway,Ballinasloe
John Robbie,1976,Scrum-half,10,1,9,0,0,9,Dublin,Republic of Ireland,Leinster,County Dublin,Dublin
Brendan Foley,1976,Lock,11,2,9,0,0,0,Limerick,Republic of Ireland,Munster,County Limerick,Limerick
Phil Orr,1976,Prop,59,20,36,3,0,0,Dublin,Republic of Ireland,Leinster,County Dublin,Dublin
Donal Canniffe,1976,Scrum-half,2,1,1,0,0,0,Mullingar,Republic of Ireland,Leinster,County Westmeath,Mullingar
Ronnie Hakin,1976,Lock,6,0,6,0,0,0,Northern Ireland,United Kingdom,Northern Ireland,Missing,Missing
Lawrence Moloney,1976,Fullback,4,1,3,0,0,0,Co.Cork,Republic of Ireland,Munster,County Cork,Missing
Stephen Blake-Knox,1976,Wing,3,1,2,0,0,0,Dublin,Republic of Ireland,Leinster,County Dublin,Dublin
Joseph Brady,1976,Centre,2,1,1,0,0,0,Dublin,Republic of Ireland,Leinster,County Dublin,Dublin
Harold Steele,1976,Lock,10,4,5,1,0,0,Northern Ireland,United Kingdom,Northern Ireland,Missing,Missing
Christopher McKibbin,1976,,1,0,1,0,0,0,Northern Ireland,United Kingdom,Northern Ireland,Missing,Missing
Jimmy Bowen,1977,Wing,3,0,3,0,0,0,Cork,Republic of Ireland,Munster,County Cork,Cork
Thomas Feighery,1977,Prop,2,0,2,0,0,0,Dublin,Republic of Ireland,Leinster,County Dublin,Dublin
Robbie McGrath,1977,Scrum-half,16,6,10,0,1,4,Dublin,Republic of Ireland,Leinster,County Dublin,Dublin
Alistair McKibbin,1977,Centre,14,3,9,2,0,0,Northern Ireland,United Kingdom,Northern Ireland,Missing,Missing
Frank Wilson,1977,Fullback,3,0,3,0,0,0,Northern Ireland,United Kingdom,Northern Ireland,Missing,Missing
Ned Byrne,1977,Prop,6,0,6,0,0,0,Kilkenny,Republic of Ireland,Leinster,County Kilkenny,Kilkenny
Charles Murtagh,1977,Lock,1,0,1,0,0,0,Northern Ireland,United Kingdom,Northern Ireland,Missing,Missing
Raymond Finn,1977,Centre,1,0,1,0,0,0,Dublin,Republic of Ireland,Leinster,County Dublin,Dublin
Freddie McLennan,1977,Wing,18,2,14,2,4,16,Dublin,Republic of Ireland,Leinster,County Dublin,Dublin
Mick Fitzpatrick,1978,Prop,10,3,6,1,0,0,Dublin,Republic of Ireland,Leinster,County Dublin,Dublin
Paul McNaughton,1978,Centre,15,6,7,2,0,0,Bray,Republic of Ireland,Leinster,County Wicklow,Bray
John O'Driscoll,1978,Flanker,32,12,20,0,3,12,Dublin,Republic of Ireland,Leinster,County Dublin,Dublin
Donal Spring,1978,Lock,7,3,3,1,0,0,Tralee,Republic of Ireland,Munster,County Kerry,Tralee
Tony Ward,1978,Fly-half,20,5,13,2,0,131,Dublin,Republic of Ireland,Leinster,County Dublin,Dublin
Terry Kennedy,1978,Wing,13,5,7,1,1,4,Dublin,Republic of Ireland,Leinster,County Dublin,Dublin
Colin Patterson,1978,Scrum-half,14,5,7,2,5,20,Northern Ireland,United Kingdom,Northern Ireland,Missing,Missing
Michael Gibson,1979,No. 8,10,3,5,2,0,0,Dublin,Republic of Ireland,Leinster,County Dublin,Dublin
Ginger McLoughlin,1979,Prop,18,9,7,2,1,4,Limerick,Republic of Ireland,Munster,County Limerick,Limerick
Dick Spring,1979,Fullback,3,1,1,1,0,0,Tralee,Republic of Ireland,Munster,County Kerry,Tralee
Colm Tucker,1979,Flanker,5,1,3,1,0,0,Limerick,Republic of Ireland,Munster,County Limerick,Limerick
Moss Finn,1979,Wing,14,7,7,0,4,16,Cork,Republic of Ireland,Munster,County Cork,Cork
Ron Elliott,1979,Fullback,1,0,0,1,0,0,Down,Republic of Ireland,Leinster,County Offaly,Killeen Bridge
Ciaran Fitzgerald,1979,Hooker,29,13,15,1,1,4,Galway,Republic of Ireland,Connacht,County Galway,Cathair na Gaillimhe
Rodney O'Donnell,1979,Fullback,6,4,2,0,0,0,Dublin,Republic of Ireland,Leinster,County Dublin,Dublin
Frank Ennis,1979,Fullback,1,1,0,0,0,0,Dublin,Republic of Ireland,Leinster,County Dublin,Dublin
James Glennon,1980,Lock,7,3,4,0,0,0,Dublin,Republic of Ireland,Leinster,County Dublin,Dublin
Kevin O'Brien,1980,Fullback,3,0,3,0,1,4,Manchester,United Kingdom,England,North West England,Greater Manchester
Ian Burns,1980,Fly-half,1,0,1,0,0,0,Dublin,Republic of Ireland,Leinster,County Dublin,Dublin
David Irwin,1980,Centre,28,7,21,0,2,8,Northern Ireland,United Kingdom,Northern Ireland,Missing,Missing
Hugo MacNeill,1981,Fullback,40,15,24,1,10,46,Dublin,Republic of Ireland,Leinster,County Dublin,Dublin
Francis Quinn,1981,Wing,3,0,3,0,0,0,Dublin,Republic of Ireland,Leinster,County Dublin,Dublin
Kenneth Hooks,1981,Wing,6,2,4,0,1,4,Northern Ireland,United Kingdom,Northern Ireland,Missing,Missing
Paul Dean,1981,Fly-half,32,13,18,1,4,19,Dublin,Republic of Ireland,Leinster,County Dublin,Dublin
Jerry Holland,1981,Lock,3,0,3,0,0,0,Cork,Republic of Ireland,Munster,County Cork,Cork
John Murphy,1981,Fullback,3,1,2,0,0,5,Bray,Republic of Ireland,Leinster,County Wicklow,Bray
John Hewitt,1981,"Fullback, Wing",2,0,2,0,0,0,Northern Ireland,United Kingdom,Northern Ireland,Missing,Missing
Donal Lenihan,1981,Lock,52,21,30,1,1,4,Cork,Republic of Ireland,Munster,County Cork,Cork
Trevor Ringland,1981,Wing,35,14,20,1,9,36,Northern Ireland,United Kingdom,Northern Ireland,Missing,Missing
Michael Kiernan,1982,Centre,46,18,27,1,6,308,Cork,Republic of Ireland,Munster,County Cork,Cork
Keith Crossan,1982,Wing,41,17,23,1,12,48,Northern Ireland,United Kingdom,Northern Ireland,Missing,Missing
Ronan Kearney,1982,Flanker,4,0,4,0,0,0,Kilkenny,Republic of Ireland,Leinster,County Kilkenny,Kilkenny
Rory Moroney,1984,Centre,3,0,2,1,0,0,Clonmel,Republic of Ireland,Munster,County Tipperary,Clonmel
William Duncan,1984,Flanker,2,0,2,0,0,0,Northern Ireland,United Kingdom,Northern Ireland,Missing,Missing
JJ McCoy,1984,Prop,16,7,8,1,0,0,Northern Ireland,United Kingdom,Northern Ireland,Missing,Missing
Harry Harbison,1984,Hooker,8,3,5,0,0,0,Dublin,Republic of Ireland,Leinster,County Dublin,Dublin
Tony Doyle,1984,Scrum-half,2,0,2,0,0,0,Dublin,Republic of Ireland,Leinster,County Dublin,Dublin
Des Fitzgerald,1984,Prop,34,8,25,1,0,0,Dublin,Republic of Ireland,Leinster,County Dublin,Dublin
Derek McGrath,1984,Flanker,5,2,3,0,0,0,Dublin,Republic of Ireland,Leinster,County Dublin,Dublin
Hugh Condon,1984,"Centre, Fly-half",1,0,1,0,0,0,Leamington Spa,United Kingdom,England,West Midlands,Warwickshire
Willie Anderson,1984,Lock,27,10,16,1,1,4,Northern Ireland,United Kingdom,Northern Ireland,Missing,Missing
Michael Bradley,1984,Scrum-half,40,15,23,2,5,21,Cork,Republic of Ireland,Munster,County Cork,Cork
Philip Matthews,1984,Flanker,38,12,24,2,4,16,Gloucester,United Kingdom,England,South West England,Gloucestershire
Brendan Mullin,1984,Centre,56,19,36,1,17,72,Jerusalem,מדינת ישראל,מחוז ירושלים,Jerusalem,Missing
William Sexton,1984,Flanker,3,1,2,0,0,0,?,g,n,i,s
Nigel Carr,1985,Flanker,11,6,4,1,0,0,Northern Ireland,United Kingdom,Northern Ireland,Missing,Missing
Brian Spillane,1985,No. 8,13,5,7,1,1,4,Cork,Republic of Ireland,Munster,County Cork,Cork
Brian McCall,1985,Lock,3,0,2,1,1,4,Northern Ireland,United Kingdom,Northern Ireland,Missing,Missing
Robert Morrow,1986,Flanker,3,0,3,0,0,0,?,g,n,i,s
Paul Kennedy,1986,Prop,2,0,2,0,0,0,?,g,n,i,s
Ralph Keyes,1986,Fly-half,8,2,6,0,1,94,Cork,Republic of Ireland,Munster,County Cork,Cork
Terry Kingston,1987,Hooker,30,14,15,1,2,8,Cork,Republic of Ireland,Munster,County Cork,Cork
Paul Collins,1987,Flanker,2,1,1,0,0,0,Cork,Republic of Ireland,Munster,County Cork,Cork
John McDonald,1987,Hooker,4,2,2,0,0,0,Northern Ireland,United Kingdom,Northern Ireland,Missing,Missing
Neil Francis,1987,Lock,36,13,22,1,4,19,Dublin,Republic of Ireland,Leinster,County Dublin,Dublin
Job Langbroek,1987,Prop,1,1,0,0,0,0,?,g,n,i,s
Phil Danaher,1988,Centre,28,9,18,1,0,6,Limerick,Republic of Ireland,Munster,County Limerick,Limerick
John Fitzgerald,1988,Prop,12,3,8,1,1,4,London,United Kingdom,England,Greater London,London
Don Whittle,1988,Flanker,1,0,1,0,0,0,Northern Ireland,United Kingdom,Northern Ireland,Missing,Missing
Tom Clancy,1988,Prop,9,3,6,0,0,0,Dublin,Republic of Ireland,Leinster,County Dublin,Dublin
Denis McBride,1988,Flanker,32,12,19,1,4,18,Northern Ireland,United Kingdom,Northern Ireland,Missing,Missing
Michael Moylett,1988,Lock,1,0,1,0,0,0,Dublin,Republic of Ireland,Leinster,County Dublin,Dublin
Fergus Aherne,1988,Scrum-half,16,4,12,0,1,4,Cork,Republic of Ireland,Munster,County Cork,Cork
Vince Cunningham,1988,Centre,16,7,9,0,3,14,Dublin,Republic of Ireland,Leinster,County Dublin,Dublin
John Sexton,1988,Wing,4,2,2,0,1,7,Dublin,Republic of Ireland,Leinster,County Dublin,Dublin
Steve Smith,1988,Hooker,25,4,20,1,2,8,Northern Ireland,United Kingdom,Northern Ireland,Missing,Missing
Noel Mannion,1988,No. 8,16,6,10,0,3,12,Ballinasloe,Republic of Ireland,Connacht,County Galway,Ballinasloe
Pat O'Hara,1988,Flanker,15,7,8,0,1,4,Essex,United Kingdom,England,East of England,Essex
Fergus Dunlea,1989,Fullback,3,1,2,0,1,4,Dublin,Republic of Ireland,Leinster,County Dublin,Dublin
Paul Haycock,1989,Wing,1,0,1,0,0,0,Dublin,Republic of Ireland,Leinster,County Dublin,Dublin
Nick Popplewell,1989,Prop,51,16,34,1,3,13,Dublin,Republic of Ireland,Leinster,County Dublin,Dublin
Philip Rainey,1989,Fullback,1,0,1,0,0,0,Northern Ireland,United Kingdom,Northern Ireland,Missing,Missing
Brian Smith,1987,Scrum-half,15,6,7,2,4,52,St George,United States of America,Utah,Washington County,St. George
Gary Halpin,1990,Prop,11,3,8,0,1,5,Dublin,Republic of Ireland,Leinster,County Dublin,Dublin
Kenny Murphy,1990,Fullback,11,2,8,1,0,0,Cork,Republic of Ireland,Munster,County Cork,Cork
Peter Russell,1990,Fly-half,4,0,4,0,0,23,Northern Ireland,United Kingdom,Northern Ireland,Missing,Missing
Paddy Johns,1990,Lock,59,22,36,1,4,20,Northern Ireland,United Kingdom,Northern Ireland,Missing,Missing
Philip Lawlor,1990,No. 8,3,1,2,0,0,0,Kildare,Republic of Ireland,Leinster,County Kildare,Missing
Alain Rolland,1990,Scrum-half,3,2,1,0,0,0,Dublin,Republic of Ireland,Leinster,County Dublin,Dublin
Mick Galwey,1991,Lock,41,18,20,3,3,15,Co Kerry,Republic of Ireland,Munster,County Kerry,Missing
Simon Geoghegan,1991,Wing,37,12,23,2,11,51,Knebworth,United Kingdom,England,East of England,Hertfordshire
Gordon Hamilton,1991,Flanker,10,2,7,1,1,4,Northern Ireland,United Kingdom,Northern Ireland,Missing,Missing
Brian Rigney,1991,Lock,8,0,7,1,0,0,Portlaoise,Republic of Ireland,Leinster,County Laois,Port Laoise
Brian Robinson,1991,No. 8,25,5,18,2,6,25,Northern Ireland,United Kingdom,Northern Ireland,Missing,Missing
Rob Saunders,1991,Scrum-half,12,2,9,1,0,0,Nottingham,United Kingdom,England,East Midlands,Nottingham
Jack Clarke,1991,Wing,6,1,4,1,1,4,Kisumu,Kenya,Kisumu,Missing,Missing
David Curtis,1991,Centre,13,2,10,1,1,7,South Rhodesia,United States of America,Washington,Pacific County,Rhodesia Beach
Jim Staples,1991,Fullback,26,6,19,1,5,25,Bermondsey,United Kingdom,England,Greater London,London
Richard Wallace,1991,Wing,29,9,19,1,5,23,Cork,Republic of Ireland,Munster,County Cork,Cork
Nicky Barry,1991,Fly-half,1,0,1,0,0,0,Limerick,Republic of Ireland,Munster,County Limerick,Limerick
Michael Fitzgibbon,1992,Flanker,6,0,6,0,0,0,Limerick,Republic of Ireland,Munster,County Limerick,Limerick
Paul Hogan,1992,Flanker,1,0,1,0,0,0,Limerick,Republic of Ireland,Munster,County Limerick,Limerick
Derek McAleese,1992,Fly-half,1,0,1,0,0,12,Northern Ireland,United Kingdom,Northern Ireland,Missing,Missing
Ronald Carey,1992,Wing,2,0,2,0,0,0,Northern Ireland,United Kingdom,Northern Ireland,Missing,Missing
Neville Furlong,1992,Wing,2,0,2,0,1,4,Waterford,Republic of Ireland,Munster,County Waterford,Waterford
Kelvin Leahy,1992,Flanker,1,0,1,0,0,0,Cork,Republic of Ireland,Munster,County Cork,Cork
Paul McCarthy,1992,Prop,5,1,4,0,0,0,Cork,Republic of Ireland,Munster,County Cork,Cork
Mark McCall,1992,Centre,13,1,12,0,0,0,Northern Ireland,United Kingdom,Northern Ireland,Missing,Missing
Paddy Kenny,1992,Flanker,1,0,1,0,0,0,Philippine,Nederland,4553,Nederland,Zeeland
John Murphy,1992,Hooker,1,0,1,0,0,0,Dublin,Republic of Ireland,Leinster,County Dublin,Dublin
Richard Costello,1993,Lock,1,0,1,0,0,0,Limerick,Republic of Ireland,Munster,County Limerick,Limerick
Niall Malone,1993,"Fullback, Centre, Fly-half",3,1,2,0,0,9,Leeds,United Kingdom,England,Yorkshire and the Humber,Leeds
Colin Wilkinson,1993,Fullback,1,0,1,0,0,0,Northern Ireland,United Kingdom,Northern Ireland,Missing,Missing
Ciaran Clarke,1993,Fullback,5,2,3,0,0,3,Dublin,Republic of Ireland,Leinster,County Dublin,Dublin
Peter Clohessy,1993,Prop,54,24,29,1,4,20,Limerick,Republic of Ireland,Munster,County Limerick,Limerick
Brian Glennon,1993,Centre,1,0,1,0,0,0,?,g,n,i,s
Eric Elwood,1993,Fly-half,35,15,19,1,0,296,Galway,Republic of Ireland,Connacht,County Galway,Cathair na Gaillimhe
Conor O'Shea,1993,Fullback,35,12,22,1,6,44,Limerick,Republic of Ireland,Munster,County Limerick,Limerick
Ken O'Connell,1994,Flanker,2,1,1,0,0,0,Cork,Republic of Ireland,Munster,County Cork,Cork
Maurice Field,1994,Centre,17,6,10,1,0,0,Northern Ireland,United Kingdom,Northern Ireland,Missing,Missing
Jonathan Bell,1994,Centre,36,16,20,0,8,40,Northern Ireland,United Kingdom,Northern Ireland,Missing,Missing
David Corkery,1994,Flanker,27,7,20,0,3,15,Cork,Republic of Ireland,Munster,County Cork,Cork
Keith Wood,1994,Hooker,63,26,36,1,15,75,Limerick,Republic of Ireland,Munster,County Limerick,Limerick
Niall Woods,1994,Wing,8,2,6,0,1,5,Dublin,Republic of Ireland,Leinster,County Dublin,Dublin
Gabriel Fulcher,1994,Lock,20,7,13,0,1,5,Aldershot,United Kingdom,England,South East,Hampshire
Alan McGowan,1994,Fly-half,1,1,0,0,0,13,Dublin,Republic of Ireland,Leinster,County Dublin,Dublin
Paul Burke,1995,Fly-half,13,7,6,0,0,108,Paddington,United Kingdom,England,Greater London,London
Anthony Foley,1995,Back-row,62,37,24,1,5,25,Limerick,Republic of Ireland,Munster,County Limerick,Limerick
Niall Hogan,1995,Scrum-half,13,5,8,0,1,5,Dublin,Republic of Ireland,Leinster,County Dublin,Dublin
Ben Cronin,1995,Back-row,2,0,2,0,0,0,Limerick,Republic of Ireland,Munster,County Limerick,Limerick
Eddie Halvey,1995,Flanker,8,4,4,0,2,10,Limerick,Republic of Ireland,Munster,County Limerick,Limerick
Davy Tweed,1995,Lock,4,2,2,0,0,0,Northern Ireland,United Kingdom,Northern Ireland,Missing,Missing
David O'Mahony,1995,Scrum-half,1,0,1,0,0,0,Derry,United Kingdom,Northern Ireland,County Londonderry,Londonderry
Darragh O'Mahony,1995,Wing,4,1,3,0,1,5,Cork,Republic of Ireland,Munster,County Cork,Cork
Paul Wallace,1995,Prop,48,21,26,1,5,25,Cork,Republic of Ireland,Munster,County Cork,Cork
Jeremy Davidson,1995,Lock,35,15,19,1,0,0,Northern Ireland,United Kingdom,Northern Ireland,Missing,Missing
Chris Saverimutto,1995,Scrum-half,3,2,1,0,0,0,Wallasey,United Kingdom,England,North West England,Wallasey
Allen Clarke,1995,Hooker,8,4,4,0,0,0,Northern Ireland,United Kingdom,Northern Ireland,Missing,Missing
Henry Hurley,1995,Prop,2,1,1,0,0,0,Doncaster,United Kingdom,England,Yorkshire and the Humber,Doncaster
Sean McCahill,1995,Centre,1,1,0,0,0,0,Auckland,New Zealand/Aotearoa,Auckland,Missing,Missing
Victor Costello,1996,Back-row,39,20,19,0,4,20,Stepaside,Republic of Ireland,Leinster,County Dublin,Dún Laoghaire-Rathdown
Kurt McQuilkin,1996,Centre,5,1,4,0,0,0,Tekuiti,g,n,i,s
David Humphreys,1996,Fly-half,72,37,34,1,6,560,Northern Ireland,United Kingdom,Northern Ireland,Missing,Missing
Simon Mason,1996,Fullback,3,1,2,0,0,42,Wirral,Canada,New Brunswick,Queens County,Wirral
Rob Henderson,1996,Centre,32,16,16,0,6,30,Dover,United States of America,Delaware,Kent County,Dover
James Topping,1996,Wing,8,2,6,0,1,5,Northern Ireland,United Kingdom,Northern Ireland,Missing,Missing
Dominic Crotty,1996,Fullback,5,1,3,1,0,0,Cork,Republic of Ireland,Munster,County Cork,Cork
Stephen McIvor,1996,Scrum-half,3,0,3,0,0,0,Dublin,Republic of Ireland,Leinster,County Dublin,Dublin
Eric Miller,1997,Back-row,49,29,19,1,6,30,Dublin,Republic of Ireland,Leinster,County Dublin,Dublin
Paul Flavin,1997,Prop,2,0,2,0,0,0,Dublin,Republic of Ireland,Leinster,County Dublin,Dublin
Denis Hickie,1997,Wing,63,40,22,1,29,145,Dublin,Republic of Ireland,Leinster,County Dublin,Dublin
Ross Nesdale,1997,Hooker,13,6,7,0,0,0,Feilding,New Zealand/Aotearoa,Manawatu-Wanganui,Manawatu District,Feilding
Brian O'Meara,1997,Scrum-half,9,5,4,0,0,0,Cork,Republic of Ireland,Munster,County Cork,Cork
Kieron Dawson,1997,Flanker,21,14,7,0,2,10,Northern Ireland,United Kingdom,Northern Ireland,Missing,Missing
Conor McGuinness,1997,Scrum-half,14,4,10,0,1,5,Dublin,Republic of Ireland,Leinster,County Dublin,Dublin
John McWeeney,1997,Wing,1,0,1,0,0,0,Dublin,Republic of Ireland,Leinster,County Dublin,Dublin
Kevin Nowlan,1997,Fullback,3,1,2,0,2,10,Dublin,Republic of Ireland,Leinster,County Dublin,Dublin
Malcolm O'Kelly,1997,Lock,92,51,41,0,8,40,Chelmsford,United States of America,Massachusetts,Middlesex County,Chelmsford
David Erskine,1997,"Lock, Flanker",3,1,2,0,0,0,Waltham Forest,United Kingdom,E17,England,Greater London
Kevin Maggs,1997,Centre,70,39,30,1,15,75,Bristol,United Kingdom,England,South West England,City of Bristol
Reggie Corrigan,1997,Prop,47,27,20,0,0,0,Dublin,Republic of Ireland,Leinster,County Dublin,Dublin
Dylan O'Grady,1997,Flanker,1,0,1,0,0,0,Manchester,United Kingdom,England,North West England,Greater Manchester
Andy Ward,1998,Flanker,28,12,15,1,3,15,Whangarei,New Zealand/Aotearoa,Northland,Whangarei District,Whangarei
Killian Keane,1998,Centre,1,0,1,0,0,0,Drogheda,Republic of Ireland,Leinster,County Louth,Drogheda
Justin Bishop,1998,Wing,25,9,15,1,8,40,Sussex,United States of America,Virginia,Sussex,Missing
Justin Fitzpatrick,1998,Prop,26,15,10,1,0,0,Chichester,United Kingdom,England,South East,West Sussex
Dion O'Cuinneagain,1998,No. 8,19,8,11,0,1,5,Cape Town,South Africa,Western Cape,City of Cape Town,Cape Town
Trevor Brennan,1998,Flanker,13,6,7,0,0,0,Leixlip,Republic of Ireland,Leinster,County Kildare,Leixlip ED
Pat Duignan,1998,"Wing, Centre",2,2,0,0,1,5,1972,Danmark,1972,Region Hovedstaden,Frederiksberg Kommune
Girvan Dempsey,1998,Fullback,82,50,32,0,19,95,Dublin,Republic of Ireland,Leinster,County Dublin,Dublin
Cieran Scally,1998,Scrum-half,4,3,1,0,2,10,Dublin,Republic of Ireland,Leinster,County Dublin,Dublin
Matt Mostyn,1999,"Fullback, Wing",6,3,3,0,3,15,NSW,Australia,New South Wales,Missing,Missing
Brian O'Driscoll,1999,Centre,141,82,57,2,47,250,Dublin,Republic of Ireland,Leinster,County Dublin,Dublin
Tom Tierney,1999,Scrum-half,8,3,5,0,1,5,Limerick,Republic of Ireland,Munster,County Limerick,Limerick
Mike Mullins,1999,Centre,16,12,3,1,3,15,Auckland,New Zealand/Aotearoa,Auckland,Missing,Missing
Bob Casey,1999,Lock,7,3,3,1,1,5,Dublin,Republic of Ireland,Leinster,County Dublin,Dublin
Gordon D'Arcy,1999,Centre,82,52,28,2,7,35,Wexford,Republic of Ireland,Leinster,County Wexford,Wexford
Angus McKeen,1999,Prop,1,1,0,0,0,0,Drogheda,Republic of Ireland,Leinster,County Louth,Drogheda
Alan Quinlan,1999,Back-row,27,19,8,0,6,30,Tipperary,Republic of Ireland,Munster,County Tipperary,Tipperary
Simon Easterby,2000,Back-row,67,43,23,1,9,45,Harrogate,United Kingdom,England,Yorkshire and the Humber,North Yorkshire
John Hayes,2000,Prop,107,67,37,3,2,10,Cappamore,Republic of Ireland,Munster,County Limerick,Cappamore
Shane Horgan,2000,"Centre, Wing",69,40,27,2,21,105,Co.Meath,Republic of Ireland,Leinster,County Meath,Missing
Ronan O'Gara,2000,Fly-half,130,73,54,3,16,1083,United States,United States of America,Missing,Missing,Missing
Peter Stringer,2000,Scrum-half,98,67,30,1,6,30,Cork,Republic of Ireland,Munster,County Cork,Cork
Peter McKenna,2000,"Wing, Fullback",1,0,1,0,0,0,Dublin,Republic of Ireland,Leinster,County Dublin,Dublin
David Wallace,2000,Back-row,75,45,29,1,12,60,Cork,Republic of Ireland,Munster,County Cork,Cork
Guy Easterby,2000,Scrum-half,28,24,3,1,6,30,Tadcaster,United Kingdom,LS24,England,Yorkshire and the Humber
Tyrone Howe,2000,Wing,14,11,3,0,6,30,Northern Ireland,United Kingdom,Northern Ireland,Missing,Missing
Geordan Murphy,2000,Fullback,74,43,29,2,18,98,Dublin,Republic of Ireland,Leinster,County Dublin,Dublin
Marcus Horan,2000,Prop,67,44,23,0,6,30,Limerick,Republic of Ireland,Munster,County Limerick,Limerick
Frank Sheahan,2000,Hooker,29,23,6,0,5,25,Toronto,Canada,Ontario,Toronto,Missing
Gary Longwell,2000,Lock,26,17,9,0,1,5,Northern Ireland,United Kingdom,Northern Ireland,Missing,Missing
Emmet Byrne,2001,Prop,9,6,3,0,0,0,Dublin,Republic of Ireland,Leinster,County Dublin,Dublin
Shane Byrne,2001,Hooker,45,30,14,1,3,15,Aughrim,Republic of Ireland,Leinster,County Wicklow,Aughrim
Mick O'Driscoll,2001,Lock,23,11,12,0,0,0,Cork,Republic of Ireland,Munster,County Cork,Cork
Jeremy Staunton,2001,Fly-half,5,3,2,0,1,21,Limerick,Republic of Ireland,Munster,County Limerick,Limerick
Paul O'Connell,2002,Lock,108,64,42,2,7,35,Limerick,Republic of Ireland,Munster,County Limerick,Limerick
Keith Gleeson,2002,Flanker,27,15,12,0,4,20,Dublin,Republic of Ireland,Leinster,County Dublin,Dublin
John Kelly,2002,Wing,17,12,5,0,8,40,Dublin,Republic of Ireland,Leinster,County Dublin,Dublin
Leo Cullen,2002,Lock,32,25,7,0,0,0,Wicklow,Republic of Ireland,Leinster,County Wicklow,Wicklow
Donncha O'Callaghan,2003,Lock,98,53,41,4,1,5,Cork,Republic of Ireland,Munster,County Cork,Cork
Mark McHugh,2003,"Fullback, Fly-half",1,1,0,0,1,5,Dun Laoighre,g,n,i,s
Simon Best,2003,Prop,23,17,6,0,1,5,Northern Ireland,United Kingdom,Northern Ireland,Missing,Missing
Anthony Horgan,2003,Wing,7,5,2,0,1,5,Cork,Republic of Ireland,Munster,County Cork,Cork
Aidan McCullen,2003,Flanker,1,1,0,0,0,0,Drogheda,Republic of Ireland,Leinster,County Louth,Drogheda
Paul Shields,2003,Hooker,2,2,0,0,0,0,Northern Ireland,United Kingdom,Northern Ireland,Missing,Missing
Gavin Duffy,2004,Fullback,10,5,5,0,3,18,Ballina,Republic of Ireland,Connacht,County Mayo,Ballina
Johnny O'Connor,2004,Back-row,12,8,4,0,1,5,Galway,Republic of Ireland,Connacht,County Galway,Cathair na Gaillimhe
Tommy Bowe,2004,Wing,66,36,28,2,28,140,Emyvale,Republic of Ireland,County Monaghan,Emyvale,Missing
Denis Leamy,2004,Back-row,57,36,20,1,2,10,Tipperary,Republic of Ireland,Munster,County Tipperary,Tipperary
Matt McCullough,2005,"Lock, Flanker",4,2,2,0,0,0,?,g,n,i,s
Roger Wilson,2005,No. 8,1,1,0,0,0,0,Northern Ireland,United Kingdom,Northern Ireland,Missing,Missing
Kieran Campbell,2005,Scrum-half,3,3,0,0,0,0,London,United Kingdom,England,Greater London,London
Trevor Hogan,2005,Lock,4,3,1,0,0,0,Co.Tipperary,Republic of Ireland,Munster,County Tipperary,Missing
Bernard Jackman,2005,Hooker,9,4,5,0,0,0,Carlow,Republic of Ireland,Leinster,County Carlow,Carlow
David Quinlan,2005,Centre,2,2,0,0,0,0,Dublin,Republic of Ireland,Leinster,County Dublin,Dublin
Kieran Lewis,2005,"Wing, Centre",3,1,2,0,0,0,Dublin,Republic of Ireland,Leinster,County Dublin,Dublin
Neil Best,2005,Back-row,18,8,10,0,2,10,Northern Ireland,United Kingdom,Northern Ireland,Missing,Missing
Rory Best,2005,Hooker,83,47,34,2,8,40,Northern Ireland,United Kingdom,Northern Ireland,Missing,Missing
Andrew Trimble,2005,Wing,57,31,25,1,16,80,Northern Ireland,United Kingdom,Northern Ireland,Missing,Missing
Jerry Flannery,2005,Hooker,41,23,17,1,3,15,Galway,Republic of Ireland,Connacht,County Galway,Cathair na Gaillimhe
Eoin Reddan,2006,Scrum-half,60,28,30,2,2,10,Limerick,Republic of Ireland,Munster,County Limerick,Limerick
Isaac Boss,2006,Scrum-half,21,13,8,0,3,15,Tokoroa,New Zealand/Aotearoa,Waikato,South Waikato District,Tokoroa
Bryan Young,2006,Prop,8,3,5,0,0,0,Northern Ireland,United Kingdom,Northern Ireland,Missing,Missing
Paddy Wallace,2006,Centre,30,17,12,1,2,53,Northern Ireland,United Kingdom,Northern Ireland,Missing,Missing
Stephen Ferris,2006,Flanker,35,19,14,2,2,10,Northern Ireland,United Kingdom,Northern Ireland,Missing,Missing
Luke Fitzgerald,2006,"Fullback, Wing",29,12,15,2,2,10,Wicklow,Republic of Ireland,Leinster,County Wicklow,Wicklow
Jamie Heaslip,2006,No. 8,77,40,34,3,9,45,Tiberias,מדינת ישראל,מחוז הצפון,טבריה,Missing
Brian Carney,2007,Outside back,4,1,3,0,1,5,Cork,Republic of Ireland,Munster,County Cork,Cork
Tony Buckley,2007,Prop,25,11,14,0,2,10,Cork,Republic of Ireland,Munster,County Cork,Cork
Barry Murphy,2007,"Wing, Centre",4,2,2,0,1,5,Limerick,Republic of Ireland,Munster,County Limerick,Limerick
Tomas O'Leary,2007,Scrum-half,24,13,10,1,3,15,Cork,Republic of Ireland,Munster,County Cork,Cork
Shane Jennings,2007,Flanker,13,6,7,0,1,5,Dublin,Republic of Ireland,Leinster,County Dublin,Dublin
Rob Kearney,2007,"Fullback, Wing",65,32,30,3,11,57,Dublin,Republic of Ireland,Leinster,County Dublin,Dublin
Keith Earls,2008,Utility back,39,18,18,3,12,60,Moyross,Republic of Ireland,Munster,County Limerick,Limerick
Donnacha Ryan,2008,"Flanker, Lock",28,11,15,2,0,0,Limerick,Republic of Ireland,Munster,County Limerick,Limerick
Tom Court,2009,Prop,32,18,13,1,1,5,QLD,Australia,Queensland,Missing,Missing
Darren Cave,2009,Centre,8,7,1,0,1,5,Northern Ireland,United Kingdom,Northern Ireland,Missing,Missing
Ian Dowling,2009,Wing,2,2,0,0,0,0,Kilkenny,Republic of Ireland,Leinster,County Kilkenny,Kilkenny
Ian Keatley,2009,Fly-half,4,4,0,0,0,31,Dublin,Republic of Ireland,Leinster,County Dublin,Dublin
John Muldoon,2009,Back-row,3,2,1,0,0,0,Ballinasloe,Republic of Ireland,Connacht,County Galway,Ballinasloe
Niall Ronan,2009,Back-row,4,2,2,0,0,0,Co Meath,Republic of Ireland,Leinster,County Meath,Missing
Ian Whitten,2009,Centre,2,2,0,0,2,10,Northern Ireland,United Kingdom,Northern Ireland,Missing,Missing
Ryan Caldwell,2009,Lock,2,2,0,0,0,0,Northern Ireland,United Kingdom,Northern Ireland,Missing,Missing
Mike Ross,2009,Prop,49,29,18,2,0,0,Cork,Republic of Ireland,Munster,County Cork,Cork
Denis Hurley,2009,"Wing, Fullback",1,1,0,0,0,0,West Cork,Republic of Ireland,Munster,County Cork,Cork
Cian Healy,2009,Prop,51,24,24,3,3,15,Clontarf,Republic of Ireland,Leinster,County Dublin,Dublin
Johnny Sexton,2009,Fly-half,54,29,24,1,9,486,Dublin,Republic of Ireland,Leinster,County Dublin,Dublin
Sean Cronin,2009,Hooker,43,25,16,2,1,5,Limerick,Republic of Ireland,Munster,County Limerick,Limerick
Sean O'Brien,2009,Back-row,36,17,17,2,5,25,Dublin,Republic of Ireland,Leinster,County Dublin,Dublin
Kevin McLaughlin,2010,"Lock, Back-row",8,2,6,0,0,0,Dublin,Republic of Ireland,Leinster,County Dublin,Dublin
John Fogarty,2010,Hooker,1,0,1,0,0,0,Cork,Republic of Ireland,Munster,County Cork,Cork
Dan Tuohy,2010,Lock,9,4,5,0,1,5,Bristol,United Kingdom,England,South West England,City of Bristol
Chris Henry,2010,Back-row,16,11,5,0,2,10,Northern Ireland,United Kingdom,Northern Ireland,Missing,Missing
Rhys Ruddock,2010,Back-row,5,4,1,0,1,5,Dublin,Republic of Ireland,Leinster,County Dublin,Dublin
Damien Varley,2010,Hooker,3,2,1,0,0,0,Limerick,Republic of Ireland,Munster,County Limerick,Limerick
Devin Toner,2010,Lock,25,18,7,0,0,0,Co Meath,Republic of Ireland,Leinster,County Meath,Missing
Fergus McFadden,2011,"Wing, Centre",28,14,12,2,9,45,Kilkenny,Republic of Ireland,Leinster,County Kilkenny,Kilkenny
Mike McCarthy,2011,Lock,17,8,8,1,0,0,London,United Kingdom,England,Greater London,London
Felix Jones,2011,Utility back,11,8,3,0,2,10,Dublin,Republic of Ireland,Leinster,County Dublin,Dublin
Conor Murray,2011,Scrum-half,37,19,16,2,3,15,Limerick,Republic of Ireland,Munster,County Limerick,Limerick
Peter O'Mahony,2012,Back-row,30,16,12,2,1,5,Cork,Republic of Ireland,Munster,County Cork,Cork
Declan Fitzpatrick,2012,Prop,7,3,4,0,0,0,Worcs,United Kingdom,WR14 2AY,England,West Midlands
Simon Zebo,2012,Wing,15,11,4,0,5,25,Cork,Republic of Ireland,Munster,County Cork,Cork
Ronan Loughney,2012,Prop,1,0,1,0,0,0,Galway,Republic of Ireland,Connacht,County Galway,Cathair na Gaillimhe
Richardt Strauss,2012,Hooker,6,5,1,0,2,10,Pretoria,South Africa,Gauteng,City of Tshwane Metropolitan Municipality,Pretoria
Michael Bent,2012,Prop,2,1,1,0,0,0,Hawera,New Zealand/Aotearoa,Taranaki,South Taranaki District,Hawera
Iain Henderson,2012,Lock,17,11,5,1,0,0,Northern Ireland,United Kingdom,Northern Ireland,Missing,Missing
Dave Kilcoyne,2012,Prop,12,8,4,0,1,5,Limerick,Republic of Ireland,Munster,County Limerick,Limerick
Craig Gilroy,2012,Wing,6,3,3,0,2,10,Northern Ireland,United Kingdom,Northern Ireland,Missing,Missing
Paddy Jackson,2013,Fly-half,9,5,3,1,1,56,Northern Ireland,United Kingdom,Northern Ireland,Missing,Missing
Luke Marshall,2013,Centre,6,2,3,1,0,0,Ballymoney,United Kingdom,Northern Ireland,County Antrim,Ballymoney
Ian Madigan,2013,Fly-half,18,13,4,1,1,66,Dublin,Republic of Ireland,Leinster,County Dublin,Dublin
Stephen Archer,2013,Prop,2,0,2,0,0,0,Cork,Republic of Ireland,Munster,County Cork,Cork
Paul Marshall,2013,Scrum-half,3,2,1,0,0,0,Northern Ireland,United Kingdom,Northern Ireland,Missing,Missing
Robbie Henshaw,2013,"Fullback, Centre",10,8,2,0,1,5,Athlone,Republic of Ireland,Leinster,County Westmeath,Athlone
Stuart Olding,2013,Fly-half,2,2,0,0,1,5,Northern Ireland,United Kingdom,Northern Ireland,Missing,Missing
Jamie Hagan,2013,Prop,1,1,0,0,0,0,Dublin,Republic of Ireland,Leinster,County Dublin,Dublin
Tommy O'Donnell,2013,Back-row,8,8,0,0,2,10,Tipperary,Republic of Ireland,Munster,County Tipperary,Tipperary
Mike Sherry,2013,Hooker,1,1,0,0,0,0,Limerick,Republic of Ireland,Munster,County Limerick,Limerick
James Downey,2013,Centre,1,1,0,0,0,0,Dublin,Republic of Ireland,Leinster,County Dublin,Dublin
Jack McGrath,2013,Prop,17,13,4,0,1,5,Dublin,Republic of Ireland,Leinster,County Dublin,Dublin
Dave Kearney,2013,"Fullback, Wing",7,5,2,0,2,10,Dublin,Republic of Ireland,Leinster,County Dublin,Dublin
Martin Moore,2014,Prop,10,8,2,0,0,0,Dublin,Republic of Ireland,Leinster,County Dublin,Dublin
Jordi Murphy,2014,Flanker,9,7,2,0,0,0,Barcelona,España,CAT,BCN,Barcelona
Robbie Diack,2014,No. 8,2,2,0,0,0,0,Johannesburg,South Africa,2001,Gauteng,City of Johannesburg Metropolitan Municipality
Rodney Ah You,2014,Prop,3,3,0,0,0,0,Lower Hutt,New Zealand/Aotearoa,Wellington,Lower Hutt City,Lower Hutt
Kieran Marmion,2014,Scrum-half,3,3,0,0,0,0,Barking,United Kingdom,England,Greater London,London
James Cronin,2014,Prop,2,2,0,0,0,0,Ballincollig,Republic of Ireland,Munster,County Cork,Ballincollig
Rob Herring,2014,Hooker,1,1,0,0,0,0,Cape Town,South Africa,Western Cape,City of Cape Town,Cape Town
Noel Reid,2014,"Fly-half, Centre",1,1,0,0,0,0,Dublin,Republic of Ireland,Leinster,County Dublin,Dublin
Jared Payne,2014,Fullback,6,5,1,0,1,5,Tauranga,New Zealand/Aotearoa,Bay of Plenty,Tauranga City,Tauranga
Dave Foley,2014,Lock,2,2,0,0,0,0,Tipperary,Republic of Ireland,Munster,County Tipperary,Tipperary
Dominic Ryan,2014,Flanker,1,1,0,0,0,0,Dublin,Republic of Ireland,Leinster,County Dublin,Dublin
Robin Copeland,2014,Flanker,1,1,0,0,0,0,Wexford,Republic of Ireland,Leinster,County Wexford,Wexford
