Henri Amand,1906,Fly-half,1,0,1,0,0,0,Paris,France,France métropolitaine,Île-de-France
Albert Branlat,1906,"Lock, Prop",3,0,3,0,0,2,Saint-Vivien-de-Medo,g,n,i
Noel Cessieux,1906,No. 8,1,0,1,0,1,3,Andance,France,07340,France métropolitaine
Marcel Communeau,1906,"Lock, No. 8, Wing",21,1,20,0,3,9,Beauvais,France,60000,France métropolitaine
William Crichton,1906,Fullback,2,0,2,0,0,0,Cockermouth,United Kingdom,England,North West England
Paul Dedeyn,1906,Hooker,1,0,1,0,0,0,Moulineaux,France,76530,France métropolitaine
Jacques Dufourcq,1906,"Flanker, Lock",4,0,4,0,0,0,Salies-de-Bearn,France,64270,France métropolitaine
Georges Jerome,1906,Lock,2,0,2,0,1,3,Cayenne,France,97300,Guyane
Henri Lacassagne,1906,Scrum-half,2,0,2,0,0,0,Viella,France,65120,France métropolitaine
Gaston Lane,1906,"Centre, Wing",16,1,15,0,1,3,Paris,France,France métropolitaine,Île-de-France
Henri Levee,1906,Centre,1,0,1,0,0,0,Paris,France,France métropolitaine,Île-de-France
Allan Muhr,1906,"Prop, Lock",3,0,3,0,2,6,United States,United States of America,Missing,Missing
Augustin Pujol,1906,Wing,1,0,1,0,0,2,Toulouse,France,31000;31100;31200;31300;31400;31500,France métropolitaine
Paul Sagot,1906,"Wing, Centre",3,0,3,0,1,5,Dijon,France,21000,France métropolitaine
Andre Verges,1906,"Prop, Lock",3,0,3,0,0,0,?,g,n,i
Pierre Gaudermen,1906,No. 8,1,0,1,0,0,0,Paris,France,France métropolitaine,Île-de-France
Albert Hubert,1906,Fly-half,7,0,7,0,0,0,Noisy-le-Sec,France,93130,France métropolitaine
Emile Lesieur,1906,"Wing, Centre",12,0,12,0,2,6,Paris,France,France métropolitaine,Île-de-France
Ernest Lewis,1906,Centre,1,0,1,0,0,0,Cardiff,United Kingdom,Wales,Cardiff
Paul Maclos,1906,"Wing, Centre, Flanker",2,0,2,0,0,7,Amazy,France,58190,France métropolitaine
G. Maurin,1906,Flanker,1,0,1,0,0,0,?,g,n,i
Theodore Varvier,1906,"Centre, Fly-half, Fullback",6,0,6,0,0,0,Lyon,France,France métropolitaine,Rhône-Alpes
Charles Beaurin-Gressier,1907,"No. 8, Prop",2,0,2,0,0,0,Paris,France,France métropolitaine,Île-de-France
Marc Giacardy,1907,"Halfback, Fly-half, Flanker",1,0,1,0,0,0,Bordeaux,France,33000;33100;33300;33800,France métropolitaine
Henri Isaac,1907,Fullback,2,0,2,0,0,0,Guadeloupe,France,Guadeloupe,Missing
Henri Martin,1907,"Fullback, Centre",2,0,2,0,0,0,Cayenne,France,97300,Guyane
Paul Mauriat,1907,"Hooker, Lock, Prop",19,1,18,0,1,5,Neuville-sur-Saone,France,69250,France métropolitaine
A. Poirier,1907,Hooker,1,0,1,0,0,0,?,g,n,i
Charles Vareilles,1907,Wing,5,0,5,0,0,4,Saigon,Việt Nam,Đông Nam Bộ,Thành phố Hồ Chí Minh
Georges Borchard,1908,"Hooker, Lock, Flanker",5,0,5,0,0,0,Bordeaux,France,33000;33100;33300;33800,France métropolitaine
Rene Duval,1908,"Flanker, Fly-half",6,0,6,0,0,0,Paris,France,France métropolitaine,Île-de-France
Pierre Guillemin,1908,"Prop, Lock",11,1,10,0,1,3,Bonnevaux,France,30450,France métropolitaine
Alfred Mayssonnie,1908,"Scrum-half, Fly-half",3,0,3,0,0,0,Lavernose,France,31410,France métropolitaine
Henri Moure,1908,Flanker,1,0,1,0,0,0,Bordeaux,France,33000;33100;33300;33800,France métropolitaine
Rene von Malmann,1908,"Lock, Prop",7,0,7,0,0,0,Paris,France,France métropolitaine,Île-de-France
Maurice Leuvielle,1908,"Centre, Lock, No. 8",7,0,7,0,0,0,Saint-Loubes,France,33450,France métropolitaine
Alphonse Masse,1908,"Flanker, Lock",7,0,7,0,0,0,Saint-Christophe-de-,France,38520,France métropolitaine
Jean Caujolle,1909,Fullback,5,0,5,0,0,0,Saint-Girons,France,09200,France métropolitaine
Georges Fourcade,1909,Hooker,2,0,2,0,0,0,Saint-Pierre-sur-Dro,g,n,i
Henri Houblain,1909,Centre,2,0,2,0,0,0,?,g,n,i
Jules Icard,1909,Lock,2,0,2,0,0,0,?,g,n,i
Andre Theuriet,1909,Scrum-half,5,0,5,0,0,0,Lyon,France,France métropolitaine,Rhône-Alpes
Etienne de Jouvencel,1909,Fullback,2,0,2,0,0,0,Paris,France,France métropolitaine,Île-de-France
Paul Dupre,1909,Flanker,1,0,1,0,0,0,Gagny,France,93220,France métropolitaine
Marcel Burgun,1909,"Fly-half, Wing, Centre",11,1,10,0,0,0,St Petersburg,United States of America,Florida,Pinellas County
Jacques Gommes,1909,"Scrum-half, Flanker",1,0,1,0,0,0,Bordeaux,France,33000;33100;33300;33800,France métropolitaine
Augustin Hourdebaigt,1909,Lock,5,0,5,0,1,3,Bordeaux,France,33000;33100;33300;33800,France métropolitaine
Marcel Legrain,1909,"Centre, Flanker, No. 8",12,1,11,0,0,0,Paris,France,France métropolitaine,Île-de-France
Claude Martin,1909,Fly-half,3,0,3,0,0,0,Lyon,France,France métropolitaine,Rhône-Alpes
Francis Mouronval,1909,"Centre, Flanker",1,0,1,0,0,0,Avesnes-sur-Helpe,France,59440,France métropolitaine
Joe Anduran,1910,Hooker,1,0,1,0,0,0,Bayonne,France,64100,France métropolitaine
Rene Boudreaux,1910,Prop,2,0,2,0,0,0,Paris,France,France métropolitaine,Île-de-France
Maurice Bruneau,1910,"Wing, Centre, Fly-half",4,0,4,0,1,3,Bordeaux,France,33000;33100;33300;33800,France métropolitaine
Remi Laffitte,1910,"Centre, Flanker",2,0,2,0,1,3,Osserain,France,64390,France métropolitaine
R. Menrath,1910,Fullback,1,0,1,0,0,8,?,g,n,i
M. Thevenot,1910,"Lock, Prop",3,0,3,0,0,0,?,g,n,i
Jules Cadenat,1910,"Prop, Lock, No. 8",7,0,7,0,0,0,Beziers,France,34500,France métropolitaine
Julien Combe,1910,Fullback,4,1,3,0,0,0,?,g,n,i
Jacques Dedet,1910,"Centre, Fly-half",8,0,8,0,0,0,New Caledo,España,CAT,Lleida
Guillaume Laterrade,1910,"Scrum-half, Halfback",5,1,4,0,1,3,Tarbes,France,65000,France métropolitaine
Joseph de Muizon,1910,Wing,1,0,1,0,0,0,Versailles,France,78000,France métropolitaine
Fernand Roujas,1910,Fly-half,1,0,1,0,0,0,La Mas d'Azil,France,09290,France métropolitaine
Joseph Bavozet,1911,"Flanker, Lock",3,1,2,0,0,0,Lyon,France,France métropolitaine,Rhône-Alpes
Paul Decamps,1911,"Flanker, Lock",1,1,0,0,0,4,Paris,France,France métropolitaine,Île-de-France
Pierre Failliot,1911,Wing,8,1,7,0,5,15,Paris,France,France métropolitaine,Île-de-France
Fernand Forgues,1911,"Lock, Flanker",11,1,10,0,0,0,Pau,France,64000,France métropolitaine
Andre Francquenelle,1911,Centre,3,1,2,0,0,0,Rochefort-sur-Mer,France,17420,France métropolitaine
Pierre Mouniq,1911,"Prop, Lock",9,1,8,0,0,0,Luz-Saint-Sauveur,France,65120,France métropolitaine
Georges Peyroutou,1911,Fly-half,2,1,1,0,1,3,Ondres,France,40440,France métropolitaine
Gilbert Charpentier,1911,"Fly-half, Wing",3,0,3,0,0,0,Pissotte,France,85200,France métropolitaine
Francois Dutour,1911,Fullback,6,0,6,0,0,2,Moissat,France,63190,France métropolitaine
Rene Duffour,1911,Hooker,1,0,1,0,0,0,Tarbes,France,65000,France métropolitaine
Charles du Souich,1911,Centre,2,0,2,0,0,0,Tours,France,37000;37100;37200,France métropolitaine
Robert Monier,1911,Prop,2,0,2,0,0,0,Bordeaux,France,33000;33100;33300;33800,France métropolitaine
Raymond Simonpaoli,1911,Lock,3,0,3,0,1,3,Courtalain,France,28290,France métropolitaine
Maurice Boyau,1912,Flanker,6,0,6,0,0,4,Mustapha,日本,近畿地方,京都府
Jean-Jacques Conilh de Beyssac,1912,"Lock, Prop",5,0,5,0,0,0,Cauderan,France,33200,France métropolitaine
Jean Domercq,1912,Back-row,2,0,2,0,0,0,Orthez,France,64300,France métropolitaine
Julien Dufau,1912,"Wing, Centre",4,0,4,0,2,6,Biarritz,France,64200,France métropolitaine
Daniel Ihingoue,1912,Centre,2,0,2,0,0,0,Ilharre,France,64120,France métropolitaine
Jean Larribau,1912,"Scrum-half, Wing",7,0,7,0,1,3,Anglet,France,64600,France métropolitaine
Edouard Vallot,1912,Hooker,1,0,1,0,0,0,London,United Kingdom,England,Greater London
Jacques Forestier,1912,Prop,1,0,1,0,0,0,Aix-les-Bains,France,73100,France métropolitaine
Marcel Monniot,1912,"Lock, Prop",2,0,2,0,0,0,Paris,France,France métropolitaine,Île-de-France
Jean-Rene Pascarel,1912,Hooker,6,0,6,0,0,0,Bordeaux,France,33000;33100;33300;33800,France métropolitaine
Jean Sentilles,1912,Centre,4,0,4,0,0,0,Tarbes,France,65000,France métropolitaine
Helier Tilh,1912,"Prop, Lock, Wing",6,0,6,0,0,0,Bosdarros,France,64290,France métropolitaine
Maurice Hedembaigt,1913,"Halfback, Scrum-half",3,0,3,0,0,0,Anglet,France,64600,France métropolitaine
Pierre Jaureguy,1913,"Centre, Wing",4,0,4,0,0,0,Ostabat,France,64120,France métropolitaine
Jean Sebedio,1913,"Prop, Flanker, No. 8",9,2,5,2,1,3,Saint-Jean-de-Luz,France,64500,France métropolitaine
Geo Andre,1913,Wing,7,0,7,0,3,11,Paris,France,France métropolitaine,Île-de-France
Albert Chatau,1913,Fly-half,1,0,1,0,0,0,Urrugne,France,64122;64700,France métropolitaine
Marcel Favre,1913,Prop,2,0,2,0,0,0,La Roche-sur-Foron,France,74800,France métropolitaine
Clovis Bioussa,1913,Fly-half,3,0,3,0,0,0,Toulouse,France,31000;31100;31200;31300;31400;31500,France métropolitaine
Gustave Podevin,1913,Lock,2,0,2,0,0,0,Paris,France,France métropolitaine,Île-de-France
Jean Semmartin,1913,Fullback,2,0,2,0,0,0,Ars-en-Re,France,17590,France métropolitaine
Philippe Struxiano,1913,Scrum-half,7,2,5,0,0,6,Toulouse,France,31000;31100;31200;31300;31400;31500,France métropolitaine
Albert Eutropius,1913,Flanker,1,0,1,0,0,0,Cayenne,France,97300,Guyane
Henri Tavernier,1913,Prop,1,0,1,0,0,0,Saint-Just-en-Chauss,g,n,i
Jean-Marie Arnal,1914,Lock,2,0,2,0,0,0,Paris,France,France métropolitaine,Île-de-France
Paul Faure,1914,"Prop, Hooker",3,0,3,0,0,0,Aureilhan,France,65800,France métropolitaine
Robert Lacoste,1914,Wing,3,0,3,0,1,3,?,g,n,i
Rene Lasserre,1914,"Flanker, Fullback, Centre",15,4,9,2,2,10,Bayonne,France,64100,France métropolitaine
Raphael Lavaud,1914,"Lock, Flanker",2,0,2,0,0,0,Bordeaux,France,33000;33100;33300;33800,France métropolitaine
Marcel-Frederic Lubin-Lebrere,1914,"Prop, Lock",15,3,10,2,2,6,Agen,France,47000,France métropolitaine
Gilbert Pierrot,1914,Centre,3,0,3,0,0,0,Bizanos,France,64320,France métropolitaine
Francois Poeydebasque,1914,"Fly-half, Centre",2,0,2,0,0,0,Bayonne,France,64100,France métropolitaine
Lucien Besset,1914,"Centre, Fly-half",2,0,2,0,0,4,Paris,France,France métropolitaine,Île-de-France
Robert Desvouges,1914,Lock,1,0,1,0,0,0,Neuilly-sur-Seine,France,92200,France métropolitaine
Paulin Bascou,1914,Lock,1,0,1,0,0,0,Urrugne,France,64122;64700,France métropolitaine
Jean-Louis Capmau,1914,Flanker,1,0,1,0,1,3,Siran,‏ايران‎,آذربایجان غربی‎,شهرستان چالدران
Emmanuel Iguiniz,1914,Hooker,1,0,1,0,0,0,Bayonne,France,64100,France métropolitaine
Eugene Billac,1920,Fly-half,9,3,6,0,2,6,Bayonne,France,64100,France métropolitaine
Aime Cassayet-Armagnac,1920,"Lock, No. 8",31,5,24,2,3,9,Mont-de-Marsan,France,40000,France métropolitaine
Andre Chilo,1920,"Wing, Fullback",4,0,4,0,0,0,Bordeaux,France,33000;33100;33300;33800,France métropolitaine
Rene Crabos,1920,Centre,17,6,9,2,1,19,Saint-Sever,France,40500,France métropolitaine
Adolphe Jaureguy,1920,Wing,31,8,22,1,14,42,Ostabat,France,64120,France métropolitaine
Joseph Laurent,1920,Flanker,3,0,3,0,0,0,Bayonne,France,64100,France métropolitaine
Robert Marchand,1920,No. 8,2,0,2,0,0,0,Angouleme,France,16000,France métropolitaine
Pierre Pons,1920,"Hooker, Prop",6,1,4,1,0,0,Llupia,France,66300,France métropolitaine
Louis Puech,1920,Lock,5,2,3,0,0,0,Gorses,France,46210,France métropolitaine
Paul Serre,1920,Wing,2,0,2,0,0,0,Clairac,France,47320,France métropolitaine
Robert Thierry,1920,"Lock, Flanker",4,1,3,0,0,0,Brienon-sur-Armencon,g,n,i
Theophile Cambre,1920,Fullback,4,2,2,0,0,0,Bordeaux,France,33000;33100;33300;33800,France métropolitaine
Abel Guichemerre,1920,Flanker,4,1,3,0,0,0,Dax,France,40100,France métropolitaine
Jean Lavigne,1920,Centre,2,0,2,0,0,0,Levignacq,France,40170,France métropolitaine
Eugene Soulie,1920,"Lock, Prop",9,4,4,1,0,0,Paris,France,France métropolitaine,Île-de-France
Maurice Biraben,1920,Prop,10,4,4,2,0,0,Dax,France,40100,France métropolitaine
Georges Constant,1920,Flanker,1,0,1,0,0,0,Perpignan,France,66000;66100,France métropolitaine
Francois Borde,1920,Centre,12,4,7,1,1,3,Lourdes,France,65100,France métropolitaine
William Gayraud-Hirigoyen,1920,Hooker,1,1,0,0,1,3,Laroque-Timbaut,France,47340,France métropolitaine
Raoul Got,1920,Wing,13,4,7,2,6,18,Perpignan,France,66000;66100,France métropolitaine
Jean Larrieu,1920,"Hooker, Flanker",7,3,4,0,0,0,Toulouse,France,31000;31100;31200;31300;31400;31500,France métropolitaine
Pierre Moureu,1920,"No. 8, Prop, Lock",17,5,11,1,2,6,Larrau,France,64560,France métropolitaine
Jean Boubee,1921,Back-row,9,3,5,1,1,3,Biarritz,France,64200,France métropolitaine
Jean Clement,1921,"Fullback, Fly-half, Halfback",10,2,6,2,0,0,Tarbes,France,65000,France métropolitaine
Gilbert Coscolla,1921,"Lock, Prop",2,1,1,0,0,0,Beziers,France,34500,France métropolitaine
Jean Lobies,1921,Wing,3,1,2,0,0,0,Bone,Deutschland,Sachsen-Anhalt,Landkreis Anhalt-Bitterfeld
Roger Piteu,1921,Scrum-half,15,2,11,2,2,6,Pau,France,64000,France métropolitaine
Fernand Vaquer,1921,"No. 8, Lock",3,1,2,0,0,0,Latour-bas-Elne,France,66200,France métropolitaine
Adolphe Bousquet,1921,Fly-half,3,2,1,0,0,0,Beziers,France,34500,France métropolitaine
Edmond Cayrefourcq,1921,Wing,1,0,1,0,0,0,Tarbes,France,65000,France métropolitaine
Charles-Anthoin Gonnet,1921,Hooker,16,4,11,1,0,5,Laon,France,02000,France métropolitaine
Jacques Baquey,1921,Wing,1,1,0,0,0,0,Saint-Medard-en-Jall,France,33160,France métropolitaine
Marcel de Laborderie,1921,"Wing, Centre",4,1,3,0,1,3,Buenos Aires,Argentina,CABA,Comuna 6
Maurice Jeangrand,1921,"Centre, Wing",1,1,0,0,0,0,Lourdes,France,65100,France métropolitaine
Francois Cahuc,1922,Flanker,1,0,0,1,0,0,Pamiers,France,09100,France métropolitaine
Joseph Pascot,1922,Fly-half,6,0,4,2,1,3,Port-Vendres,France,66660,France métropolitaine
Andre Lafond,1922,Wing,1,0,0,1,0,0,Le Bouceau,g,n,i
Roger Ramis,1922,"Centre, Wing",3,0,2,1,0,0,Perpignan,France,66000;66100,France métropolitaine
Louis Beguet,1922,"Hooker, Prop",10,3,7,0,1,32,Neuf-Mesnil,France,59330,France métropolitaine
Jean Bernon,1922,"Prop, Lock",2,0,2,0,0,0,Toulouse,France,31000;31100;31200;31300;31400;31500,France métropolitaine
Albert Etchepare,1922,Flanker,1,0,1,0,0,0,Biaudos,France,40390,France métropolitaine
Noel Sicart,1922,Back-row,1,0,1,0,0,0,Perpignan,France,66000;66100,France métropolitaine
Jean Bayard,1923,Hooker,6,1,5,0,0,0,Toulouse,France,31000;31100;31200;31300;31400;31500,France métropolitaine
Clement Dupont,1923,Scrum-half,16,7,9,0,0,0,Argeles-Gazost,France,65400,France métropolitaine
Max Lalande,1923,Wing,3,1,2,0,1,3,Chateaurenard,France,13160,France métropolitaine
Henri Behoteguy,1923,Centre,6,2,4,0,1,3,Bayonne,France,64100,France métropolitaine
Jean Castets,1923,Lock,3,1,2,0,0,0,Le Boucau,France,64340,France métropolitaine
Jean Etcheberry,1923,"Prop, Flanker, No. 8",16,3,13,0,1,3,Le Boucau,France,64340,France métropolitaine
Charles Lacazedieu,1923,"Fly-half, Scrum-half",5,1,4,0,0,0,Dax,France,40100,France métropolitaine
Andre Behoteguy,1923,Centre,19,6,13,0,5,28,Bayonne,France,64100,France métropolitaine
Marcel Loustau,1923,Wing,1,0,1,0,0,0,Sarraziet,France,40500,France métropolitaine
Christian Magnanou,1923,"Centre, Fly-half, Fullback",10,2,8,0,0,4,Perigueux,France,24000,France métropolitaine
Rene Salinie,1923,Centre,1,0,1,0,0,0,Toulouse,France,31000;31100;31200;31300;31400;31500,France métropolitaine
Georges Fargues,1923,Flanker,1,1,0,0,0,0,Dax,France,40100,France métropolitaine
Edmond Besset,1924,Fullback,1,1,0,0,0,0,Langeac,France,43300,France métropolitaine
Louis Cluchague,1924,Wing,2,1,1,0,1,3,Lons,France,64140,France métropolitaine
Henri Galau,1924,Fly-half,5,1,4,0,2,6,Villefranche-de-Conf,g,n,i
Louis Lepatey,1924,Prop,3,1,2,0,0,0,Moussan,France,11120,France métropolitaine
Etienne Piquiral,1924,Back-row,19,4,15,0,3,9,Perpignan,France,66000;66100,France métropolitaine
Marcel Besson,1924,"Centre, Wing",6,0,6,0,1,3,Verrieres-en-Forez,France,42600,France métropolitaine
Jean Danion,1924,Prop,1,0,1,0,0,0,Bordeaux,France,33000;33100;33300;33800,France métropolitaine
Laurent Pardo,1924,Fullback,2,0,2,0,0,0,Urrugne,France,64122;64700,France métropolitaine
Eugene Ribere,1924,Back-row,34,12,22,0,9,27,Thuir,France,66300,France métropolitaine
Jacques Ballarin,1924,"Wing, Centre",3,0,3,0,1,3,San Nicola,Italia,LAZ,Roma Capitale
Francois Clauzel,1924,Flanker,3,0,3,0,0,0,Coursan,France,11110,France métropolitaine
Alex Bioussa,1924,Flanker,21,5,16,0,3,9,Toulouse,France,31000;31100;31200;31300;31400;31500,France métropolitaine
Etienne Bonnes,1924,Fullback,3,1,2,0,0,0,Argelliers,France,34380,France métropolitaine
Albert Dupouy,1924,Centre,2,1,1,0,2,6,Carignan,France,08110,France métropolitaine
Rene Araou,1924,"Prop, Lock",1,1,0,0,0,0,Narbonne,France,11100,France métropolitaine
Gilbert Gerintes,1924,Flanker,3,1,2,0,3,9,Saint-Etienne,France,42000;42100,France métropolitaine
Jean Vaysse,1924,Centre,2,0,2,0,0,0,Carmaux,France,81400,France métropolitaine
Marcel Baillette,1925,"Wing, Centre",17,7,10,0,3,13,Perpignan,France,66000;66100,France métropolitaine
Yves du Manoir,1925,Fly-half,8,0,8,0,0,4,Vaucresson,France,92420,France métropolitaine
Jean Marcet,1925,Hooker,7,0,7,0,0,0,?,g,n,i
Andre Maury,1925,Prop,8,0,8,0,0,0,Agen,France,47000,France métropolitaine
Camille Montade,1925,"Prop, Lock",5,0,5,0,0,0,Villenueve-de-la-Rah,g,n,i
Rene Halet,1925,Wing,3,0,3,0,0,0,Le Mans,France,72000;72100,France métropolitaine
Auguste Laurent,1925,Lock,5,0,5,0,0,0,Anglet,France,64600,France métropolitaine
Jean Ducousso,1925,Fullback,3,0,3,0,0,4,Tarbes,France,65000,France métropolitaine
Francois Raymond,1925,Wing,3,0,3,0,0,0,Beziers,France,34500,France métropolitaine
Fernand Barthe,1925,Flanker,2,0,2,0,1,3,Saint-Macaire,France,33490,France métropolitaine
Adolphe Bringeon,1925,Wing,1,0,1,0,0,0,Saint-Jean-de-Luz,France,64500,France métropolitaine
Robert Levasseur,1925,Lock,2,0,2,0,0,0,Paris,France,France métropolitaine,Île-de-France
Leon Chapuy,1926,Centre,1,0,1,0,0,0,?,g,n,i
Louis Destarac,1926,Fullback,9,2,7,0,0,10,Tarbes,France,65000,France métropolitaine
Roger Llari,1926,"Scrum-half, Halfback",1,0,1,0,0,0,Saint-Gaudens,France,31800,France métropolitaine
Alphonse Puig,1926,Lock,2,0,2,0,0,0,Terrats,France,66300,France métropolitaine
Bernard Berges,1926,Scrum-half,1,0,1,0,0,0,Vic-Bigorre,France,65500,France métropolitaine
Clement Dulaurens,1926,Wing,3,0,3,0,0,0,Castelan-Magnoac,g,n,i
Rene Graciet,1926,"Centre, Fly-half",6,1,5,0,1,3,Bayonne,France,64100,France métropolitaine
Vincent Graule,1926,"Fly-half, Centre",6,1,5,0,0,0,Perpignan,France,66000;66100,France métropolitaine
Jean Revillon,1926,Wing,3,0,3,0,0,0,Paris,France,France métropolitaine,Île-de-France
Honore Laffont,1926,Scrum-half,1,0,1,0,0,0,Argein,France,09800,France métropolitaine
Joseph Sayrou,1926,Prop,9,3,6,0,0,0,Toulouges,France,66350,France métropolitaine
Edouard Bader,1926,Scrum-half,3,0,3,0,0,0,Ferrieres-en-Brie,France,77164,France métropolitaine
Rene Bousquet,1926,"Prop, Lock",9,2,7,0,1,3,Villeneuve-les-Bezie,France,34500,France métropolitaine
Alfred Prevost,1926,Back-row,4,0,4,0,1,3,Saint-Girons,France,09200,France métropolitaine
Joseph Sourgens,1926,Fly-half,1,0,1,0,0,0,Ychoux,France,40160,France métropolitaine
Ernest Vila,1926,Wing,1,0,1,0,0,0,Auch,France,32000,France métropolitaine
Robert Hutin,1927,Prop,3,0,3,0,1,3,Paris,France,France métropolitaine,Île-de-France
Maixent Piquemal,1927,Fullback,9,4,5,0,0,0,Bordeaux,France,33000;33100;33300;33800,France métropolitaine
Edmond Vellat,1927,Wing,5,2,3,0,5,15,Chambery,France,73000,France métropolitaine
Robert Houdet,1927,Wing,10,4,6,0,7,21,Paris,France,France métropolitaine,Île-de-France
Jean Carbonne,1927,Scrum-half,1,0,1,0,0,0,Sorede,France,66690,France métropolitaine
Andre Verger,1927,Fly-half,7,4,3,0,0,8,Limoges,France,87000;87100;87280,France métropolitaine
Albert Cazenave,1927,Back-row,5,3,2,0,1,3,Nay,Estados Unidos Mexicanos,Nayarit,Missing
Jean Galia,1927,"Lock, No. 8",20,9,11,0,3,9,Ille-sur-Tet,France,66130,France métropolitaine
Georges Gerald,1927,"Wing, Centre",17,8,9,0,0,4,Aixe-sur-Vienne,France,87700,France métropolitaine
Andre Loury,1927,Prop,6,2,4,0,0,0,Paris,France,France métropolitaine,Île-de-France
Jean Morere,1927,Prop,4,2,2,0,0,0,Castelnau-Magnoac,France,65230,France métropolitaine
Fernand Camicas,1927,Hooker,10,2,8,0,0,0,Tarbes,France,65000,France métropolitaine
Paul Descamps,1927,No. 8,1,0,1,0,0,0,Leon,Nicaragua,León,Missing
Maurice Larrieux,1927,Lock,1,0,1,0,0,0,La Teste,France,64800,France métropolitaine
Gerald Branca,1928,Back-row,3,0,3,0,0,0,Badens,France,11800,France métropolitaine
Andre Camel,1928,Lock,16,7,9,0,2,6,Toulouse,France,31000;31100;31200;31300;31400;31500,France métropolitaine
Edouard Coulon,1928,Centre,1,0,1,0,0,0,Beziers,France,34500,France métropolitaine
Georges Daudignon,1928,Scrum-half,1,0,1,0,0,0,Le Boucau,France,64340,France métropolitaine
Henri Haget,1928,"Fly-half, Centre",2,1,1,0,1,6,Biarritz,France,64200,France métropolitaine
Louis Magnol,1928,Fullback,4,0,4,0,0,0,Foix,France,09000,France métropolitaine
Raoul Bonamy,1928,Flanker,2,0,2,0,1,3,Saint-Jean-d'Angely,France,17400,France métropolitaine
Louis Pellissier,1928,Fullback,5,2,3,0,0,0,San Fernando,Philippines,Mimaropa,Romblon
Georges Vaills,1928,Hooker,2,1,1,0,0,0,Palau-del-Vidre,France,66690,France métropolitaine
Jean Duhau,1928,"Prop, Hooker, Lock, Flanker",7,4,3,0,1,14,Ondres,France,40440,France métropolitaine
Jean Jardel,1928,Wing,2,0,2,0,0,0,Vitrac,France,France métropolitaine,Midi-Pyrénées
Henri Lacaze,1928,"Lock, Prop",5,2,3,0,0,0,Laroquebrou,France,15150,France métropolitaine
Jules Hauc,1928,"Prop, Lock",5,2,3,0,2,6,Maureilhan,France,34370,France métropolitaine
Lucien Serin,1928,Scrum-half,12,6,6,0,1,3,Antignac,France,31110,France métropolitaine
Richard Majerus,1928,"Lock, Prop",8,4,4,0,2,6,Paris,France,France métropolitaine,Île-de-France
Georges Caussarieu,1928,Centre,1,0,1,0,0,0,Hendaye,France,64700,France métropolitaine
Robert Sarrade,1928,Fly-half,1,0,1,0,0,0,Aire-sur-l'Adour,France,40800,France métropolitaine
Joseph Auge,1929,No. 8,2,0,2,0,0,0,Dax,France,40100,France métropolitaine
Marcel Camel,1929,Back-row,2,0,2,0,1,3,Toulouse,France,31000;31100;31200;31300;31400;31500,France métropolitaine
Albert Domec,1929,Wing,1,0,1,0,0,0,Saint-Pee-de-Bigorre,g,n,i
Paul Barrere,1929,Lock,2,1,1,0,0,0,Elne,France,66200,France métropolitaine
Andre Clady,1929,"Flanker, Lock",5,4,1,0,2,8,Lezignan,France,65100,France métropolitaine
Amedee Cutzach,1929,Fly-half,1,1,0,0,0,0,Trouillas,France,66300,France métropolitaine
Andre Duche,1929,Wing,1,1,0,0,1,9,Limoges,France,87000;87100;87280,France métropolitaine
Marcel Soler,1929,Wing,1,1,0,0,2,6,Thuir,France,66300,France métropolitaine
Albert Ambert,1930,"Prop, Hooker",5,3,2,0,1,11,Beziers,France,34500,France métropolitaine
Charles Bigot,1930,"Hooker, Flanker",4,2,2,0,0,0,Lezignan,France,65100,France métropolitaine
Joseph Choy,1930,"Lock, Prop",10,8,2,0,1,3,Homps,France,11200,France métropolitaine
Robert Samatan,1930,Wing,10,6,4,0,3,9,Toulouse,France,31000;31100;31200;31300;31400;31500,France métropolitaine
Fernand Taillantou,1930,Wing,3,2,1,0,3,9,Pau,France,64000,France métropolitaine
Leopold Fabre,1930,"Prop, Hooker",1,1,0,0,0,0,Toulouse,France,31000;31100;31200;31300;31400;31500,France métropolitaine
Lucien Augras-Fabre,1931,Wing,3,1,2,0,0,0,La Chatre,France,36400,France métropolitaine
Ernest Camo,1931,"Lock, Flanker, No. 8",6,4,2,0,0,0,Saint-Feliu d'Avall,France,66170,France métropolitaine
Maurice Porra,1931,Hooker,1,1,0,0,0,0,Perpignan,France,66000;66100,France métropolitaine
Marius Rodrigo,1931,"Prop, Lock",2,1,1,0,0,0,Mauleon,France,64130,France métropolitaine
Maurice Savy,1931,"Centre, Fullback",5,3,2,0,0,0,Clermont-Ferrand,France,63000;63100,France métropolitaine
Leopold Servole,1931,Fly-half,7,5,2,0,0,4,Saint-Andre-de-Roque,g,n,i
Antoine Duclos,1931,Prop,1,0,1,0,0,0,Juillan,France,65290,France métropolitaine
Max Rousie,1931,"Halfback, Scrum-half",4,3,1,0,2,9,Marmande,France,47200,France métropolitaine
Robert Scohy,1931,"Prop, Hooker",4,2,2,0,1,3,Tunis,Tunisie تونس,Missing,Missing
Georges Clement,1931,Centre,1,0,1,0,0,0,Saigon,Việt Nam,Đông Nam Bộ,Thành phố Hồ Chí Minh
Charles Petit,1931,Lock,1,0,1,0,1,3,Saint-Ouen,France,93400,France métropolitaine
Max Vigerie,1931,Centre,1,0,1,0,0,0,Villereal,France,47210,France métropolitaine
Henri Empereur-Buisson,1931,Prop,2,2,0,0,0,0,Beziers,France,34500,France métropolitaine
Pierre Guelorget,1931,Wing,2,2,0,0,2,6,Parthenay,France,79200,France métropolitaine
Rene Namur,1931,Hooker,2,2,0,0,0,0,Montauban,France,82000,France métropolitaine
Roger Triviaux,1931,Flanker,2,2,0,0,0,0,Cognac,France,16100,France métropolitaine
Marius Guiral,1931,Fullback,3,3,0,0,0,8,Condom,France,32100,France métropolitaine
Antonin Barbazanges,1932,Fly-half,2,2,0,0,0,0,Toulouse,France,31000;31100;31200;31300;31400;31500,France métropolitaine
Eugene Chaud,1932,"Fullback, Wing",3,3,0,0,1,16,Roanne,France,42300,France métropolitaine
Roger Claudel,1932,Flanker,2,2,0,0,0,0,Chartres,France,28000,France métropolitaine
Jean Coderc,1932,Centre,5,5,0,0,2,6,Espira-de-Algy,g,n,i
Lucien Cognet,1932,Back-row,5,5,0,0,0,0,Vichy,France,03200,France métropolitaine
Henri de Malherbe,1932,Back-row,2,2,0,0,2,6,Ajaccio,France,20090,France métropolitaine
Rene Finat,1932,Wing,2,2,0,0,5,15,Chalon-sur-Saone,France,71100,France métropolitaine
Joseph Griffard,1932,"Prop, Lock",3,3,0,0,0,0,Limoges,France,87000;87100;87280,France métropolitaine
Marcel Laurent,1932,"Prop, Hooker",5,5,0,0,0,0,Auch,France,32000,France métropolitaine
Albert Potel,1932,Hooker,1,1,0,0,0,0,Oviedo,España,Principado de Asturias,Oviedo
Edouard Ainciart,1933,Hooker,6,5,1,0,0,0,Bayonne,France,64100,France métropolitaine
Jean Daguerre,1933,Fly-half,1,1,0,0,0,0,Saint-Pierre-et-Miqu,France,40280,France métropolitaine
Pierre Escaffre,1933,Prop,2,2,0,0,1,3,Narbonne,France,11100,France métropolitaine
Firmin Raynaud,1933,Wing,1,1,0,0,2,6,Limoux,France,11300,France métropolitaine
Antoine Blain,1934,Flanker,1,1,0,0,0,0,Limoux,France,11300,France métropolitaine
Pierre Cussac,1934,Wing,1,1,0,0,0,0,Arcachon,France,33120,France métropolitaine
Joseph Desclaux,1934,"Fly-half, Centre",10,9,1,0,3,23,Collioure,France,66190,France métropolitaine
Andre Duluc,1934,Wing,1,1,0,0,1,3,Castres,France,81100,France métropolitaine
Louis Dupont,1934,No. 8,6,6,0,0,0,0,Bois-Colombes,France,92270,France métropolitaine
Francois Lombard,1934,"Scrum-half, Flanker",2,2,0,0,0,0,Narbonne,France,11100,France métropolitaine
Jean Blond,1935,Flanker,6,5,1,0,2,6,Le Treport,France,76470,France métropolitaine
Paul Boyer,1935,Scrum-half,1,1,0,0,0,0,Arthes,France,81160,France métropolitaine
Maurice Celhay,1935,"Wing, Centre",6,4,2,0,8,24,Saint-Palais,France,64120,France métropolitaine
Jacques Dorot,1935,Lock,1,1,0,0,0,0,Pergamino,Argentina,BA,Partido de Pergamino
Francois Raynal,1935,Flanker,5,5,0,0,1,5,Saint-Nazaire,France,38330,France métropolitaine
Armand Vigneau,1935,Wing,1,1,0,0,1,3,Bayonne,France,64100,France métropolitaine
Francis Daguerre,1936,Prop,1,1,0,0,1,3,Saint-Pierre-et-Miqu,France,40280,France métropolitaine
Pierre Geschwind,1936,Wing,2,2,0,0,2,6,Wattrelos,France,59150,France métropolitaine
Andre Goyard,1936,"Prop, Lock",7,6,1,0,1,3,Saint-Jean-sur-Veyle,France,01290,France métropolitaine
Etienne Ithurra,1936,Lock,3,3,0,0,0,0,Bayonne,France,64100,France métropolitaine
Georges Libaros,1936,Fly-half,2,1,1,0,0,0,?,g,n,i
Andre Rochon,1936,"Flanker, Hooker",1,1,0,0,0,0,Chastreix,France,63680,France métropolitaine
Pierre Thiers,1936,"Scrum-half, Flanker",9,6,3,0,0,17,Thiers,France,63300,France métropolitaine
Felix Bergese,1936,Centre,6,5,1,0,4,12,Le Boucau,France,64340,France métropolitaine
Jean Clave,1936,Hooker,3,3,0,0,0,0,Montgaillard,France,65200,France métropolitaine
Edmond Elissalde,1936,"Centre, Fly-half",2,1,1,0,0,0,Biarritz,France,64200,France métropolitaine
Pierre Milliand,1936,Wing,3,3,0,0,3,9,Alberville,France,France métropolitaine,Basse-Normandie
Frantz Sahuc,1936,Fullback,1,1,0,0,0,0,Marsoulas,France,31260,France métropolitaine
David Aguilar,1937,Lock,1,1,0,0,0,0,Pau,France,64000,France métropolitaine
Pierre Daulouede,1937,Prop,4,2,2,0,0,0,Labenne,France,40530,France métropolitaine
Gilbert Lavail,1937,Fly-half,2,1,1,0,0,0,Perpignan,France,66000;66100,France métropolitaine
Henri Masse,1937,Fullback,1,1,0,0,0,0,Loriol,France,26270,France métropolitaine
Michel Bonnus,1937,Fullback,5,3,2,0,0,4,Toulon,France,83000;83100;83200,France métropolitaine
Antonin Delque,1937,Lock,4,3,1,0,2,6,Castelbiague,France,31160,France métropolitaine
Marcel Deygas,1937,Centre,1,1,0,0,0,0,Ardoix,France,07290,France métropolitaine
Emile Fabre,1937,Lock,3,2,1,0,0,0,Toulouse,France,31000;31100;31200;31300;31400;31500,France métropolitaine
Robert Cals,1938,Wing,1,0,1,0,0,0,Pezens,France,11170,France métropolitaine
Jean Chassagne,1938,Fly-half,1,0,1,0,0,0,Aveze,France,72400,France métropolitaine
Henri Clarac,1938,Flanker,1,0,1,0,0,0,Saint-Girons,France,09200,France métropolitaine
Jean-Baptiste Lefort,1938,No. 8,1,0,1,0,0,0,Biarritz,France,64200,France métropolitaine
Rene Arotca,1938,Flanker,1,1,0,0,0,0,Bayonne,France,64100,France métropolitaine
Robert Caunegre,1938,Wing,2,2,0,0,2,6,Bordeaux,France,33000;33100;33300;33800,France métropolitaine
Emile Doussau,1938,Prop,1,1,0,0,0,0,Charmant,France,16320,France métropolitaine
Raymond le Goff,1938,Wing,2,2,0,0,1,3,Paris,France,France métropolitaine,Île-de-France
Rene Lombarteix,1938,"Lock, Prop",2,2,0,0,0,0,Clermont-Ferrand,France,63000;63100,France métropolitaine
Andre Rapin,1938,Centre,1,1,0,0,0,0,Bordeaux,France,33000;33100;33300;33800,France métropolitaine
Guy Vassal,1938,"Scrum-half, Fly-half",2,2,0,0,0,0,Carcassonne,France,11000,France métropolitaine
Jacques Palat,1938,Flanker,1,1,0,0,0,0,Saint-Cyprien,France,66750,France métropolitaine
Pierre Charton,1940,No. 8,1,0,1,0,0,0,Saint-Maur-des-Fosse,g,n,i
Joseph Dutrey,1940,Lock,1,0,1,0,0,0,Puan,Argentina,BA,Partido de Puan
Lucien Ferrand,1940,Flanker,1,0,1,0,0,0,Le Creusot,France,71200,France métropolitaine
Francois Meret,1940,Prop,1,0,1,0,0,0,Pontacq,France,64530,France métropolitaine
Roger Paul,1940,Hooker,1,0,1,0,0,0,Sauxillanges,France,63490,France métropolitaine
Henri Peyralade,1940,Scrum-half,1,0,1,0,0,0,Borderes-sur-l'Echez,France,65320,France métropolitaine
Robert Tourte,1940,Wing,1,0,1,0,0,0,Saint-Girons,France,09200,France métropolitaine
Marcel Tucoo-Chala,1940,Lock,1,0,1,0,0,0,Pau,France,64000,France métropolitaine
Georges Baladie,1945,"Centre, Wing",6,3,3,0,3,9,Ville-d'Avray,France,92410,France métropolitaine
Yves Bergougnan,1945,Scrum-half,17,10,7,0,0,12,Toulouse,France,31000;31100;31200;31300;31400;31500,France métropolitaine
Jean Dauger,1945,Centre,3,2,1,0,2,6,Cambo,France,France métropolitaine,Languedoc-Roussillon
Robert Geneste,1945,Wing,2,2,0,0,0,0,Angouleme,France,16000,France métropolitaine
Auguste Jarasse,1945,Hooker,1,1,0,0,0,0,Ussel,Italia,PIE,TO
Louis Junquas,1945,Centre,13,7,6,0,0,0,Saint-Vincent-de-Tyr,g,n,i
Jean Massare,1945,"Lock, Prop",6,4,2,0,1,3,Fontenay-sous-Bois,France,94120,France métropolitaine
Roger Minjat,1945,Fullback,1,1,0,0,0,0,Venissieux,France,69200,France métropolitaine
Alban Moga,1945,Lock,22,13,9,0,0,0,Bordeaux,France,33000;33100;33300;33800,France métropolitaine
Jean Prat,1945,Flanker,51,30,20,1,9,144,Lourdes,France,65100,France métropolitaine
Jean Prin-Clary,1945,"Lock, Prop",10,6,4,0,1,3,Marseille,France,France métropolitaine,Provence-Alpes-Côte d'Azur
Andre Sahuc,1945,No. 8,2,1,1,0,1,3,Castelnau-Montratier,France,46170,France métropolitaine
Robert Soro,1945,Lock,21,12,9,0,2,6,Odos,France,65310,France métropolitaine
Andre Alvarez,1945,"Fullback, Fly-half",20,13,7,0,1,25,Bayonne,France,64100,France métropolitaine
Jacques Chaban-Delmas,1945,Wing,1,0,1,0,0,0,Paris,France,France métropolitaine,Île-de-France
Gaston Combes,1945,Scrum-half,1,0,1,0,0,0,Toulouse,France,31000;31100;31200;31300;31400;31500,France métropolitaine
Lucien Rouffia,1945,Fullback,4,1,3,0,0,0,Narbonne,France,11100,France métropolitaine
Jean Vilagra,1945,Hooker,1,0,1,0,0,0,Saint-Etienne,France,42000;42100,France métropolitaine
Guy Basquet,1945,Back-row,33,17,15,1,8,24,Layrac,France,47390,France métropolitaine
Henri Dutrain,1945,"Centre, Wing",8,5,3,0,0,0,Toulouse,France,31000;31100;31200;31300;31400;31500,France métropolitaine
Jean Matheu-Cambas,1945,Flanker,24,14,10,0,1,3,Gelos,France,64110,France métropolitaine
Elie Pebeyre,1945,Wing,8,4,4,0,1,3,Seilhac,France,19700,France métropolitaine
Maurice Terreau,1945,"Centre, Fly-half",17,11,6,0,5,15,Bourg-en-Bresse,France,01000,France métropolitaine
Marcel Volot,1945,Hooker,5,3,2,0,0,0,Gonfreville l'Orcher,France,76700,France métropolitaine
Albert Kaempf,1946,Wing,1,1,0,0,0,0,Itxassou,France,64250,France métropolitaine
Eugene Buzy,1946,"Prop, Lock",17,10,7,0,0,0,Benejacq,France,64800,France métropolitaine
Michel Sorondo,1946,"Fullback, Centre",6,2,4,0,1,3,Hendaye,France,64700,France métropolitaine
Jean Lassegue,1946,Wing,9,7,2,0,5,15,Rieumes,France,31370,France métropolitaine
Marcel Jol,1947,Hooker,10,6,4,0,0,0,Biarritz,France,64200,France métropolitaine
Lucien Caron,1947,Prop,10,6,4,0,1,3,Lyon,France,France métropolitaine,Rhône-Alpes
Gerard Dufau,1948,Scrum-half,38,21,17,0,2,6,Dax,France,40100,France métropolitaine
Pierre Jeanjean,1948,Wing,1,0,1,0,0,0,Port Vendres,France,66660,France métropolitaine
Lucien Martin,1948,Hooker,6,3,3,0,0,0,Pau,France,64000,France métropolitaine
Michel Pomathios,1948,Wing,24,12,11,1,6,18,Bourg-en-Bresse,France,01000,France métropolitaine
Leon Bordenave,1948,"Fly-half, Centre",5,3,2,0,0,0,Odos,France,65310,France métropolitaine
Pierre Dizabo,1948,"Fly-half, Centre",13,8,4,1,1,6,Saint-Vincent-de-Tyr,g,n,i
Roger Lacaussade,1948,Wing,2,1,1,0,1,3,Captieux,France,33840,France métropolitaine
Pierre Aristouy,1948,"Lock, Prop",6,2,3,1,0,0,Arette,France,64570,France métropolitaine
Maurice Siman,1948,Wing,6,2,3,1,0,0,Clermont-Ferrand,France,63000;63100,France métropolitaine
Noel Baudry,1949,Fullback,5,4,1,0,0,0,Saint-Exupery-les-Ro,g,n,i
Jean Pilon,1949,Fly-half,2,1,1,0,1,3,Bayonne,France,64100,France métropolitaine
Francis Desclaux,1949,Centre,3,3,0,0,0,5,Collioure,France,66190,France métropolitaine
Felix Lacrampe,1949,No. 8,1,1,0,0,0,0,Lannemezan,France,65300,France métropolitaine
Roger Arcalis,1950,Fullback,5,2,2,1,0,0,Tarbes,France,65000,France métropolitaine
Rene Bienes,1950,"Flanker, Prop",29,16,12,1,4,12,Toulouse,France,31000;31100;31200;31300;31400;31500,France métropolitaine
Firmin Bonnus,1950,Lock,4,1,2,1,0,0,Toulon,France,83000;83100;83200,France métropolitaine
Roger Ferrien,1950,Prop,4,1,2,1,0,0,Riscle,France,32400,France métropolitaine
Pierre Lauga,1950,"Fly-half, Centre",4,1,2,1,0,3,Lucq-de-Bearn,France,64360,France métropolitaine
Pierre Lavergne,1950,Prop,1,0,1,0,0,0,Ciboure,France,64500,France métropolitaine
Jacques Merquey,1950,Centre,4,1,2,1,1,3,Souillac,France,46200,France métropolitaine
Daniel Herice,1950,Flanker,1,0,0,1,0,0,Saint-Emiliosen,g,n,i
Paul Lasaosa,1950,"Centre, Scrum-half, Halfback",6,3,2,1,0,0,Dax,France,40100,France métropolitaine
Pierre Pascalin,1950,Hooker,7,4,2,1,0,0,Saint-Gein,France,40190,France métropolitaine
Georges Brun,1950,"Wing, Centre, Fullback",14,7,7,0,0,0,Aix-les-Bains,France,73100,France métropolitaine
Fernand Cazenave,1950,Wing,6,5,1,0,1,3,Orthez,France,64300,France métropolitaine
Franck Fournet,1950,Fly-half,1,0,1,0,0,0,Clermont-Ferrand,France,63000;63100,France métropolitaine
Rene Bernard,1951,Prop,4,3,1,0,0,0,Bergerac,France,24100,France métropolitaine
Georges Carabignac,1951,Fly-half,7,2,5,0,0,9,Boe,Bolivia,Missing,Missing
Henri Foures,1951,Lock,4,3,1,0,0,0,Issus,France,31450,France métropolitaine
Lucien Mias,1951,Lock,29,17,11,1,1,3,Saint-Germain-de-Cal,g,n,i
Alain Porthault,1951,Wing,7,5,2,0,3,9,Vervins,France,02140,France métropolitaine
Guy Belletante,1951,Centre,3,2,1,0,0,0,Perigueux,France,24000,France métropolitaine
Pierre Bertrand,1951,Prop,8,4,4,0,0,13,Meximieux,France,01800,France métropolitaine
Dacien Olive,1951,Wing,2,0,2,0,1,3,Claira,France,66530,France métropolitaine
Maurice Prat,1951,Fullback,31,18,13,0,6,24,Lourdes,France,65100,France métropolitaine
Jean-Roger Bourdeu,1952,Flanker,9,3,6,0,1,3,Gan,中华人民共和国,甘肃省,Missing
Rene Brejassou,1952,"Prop, Lock",15,8,7,0,1,3,Aureilhan,France,65800,France métropolitaine
Bernard Chevallier,1952,Lock,26,15,11,0,0,0,Rougnat,France,23700,France métropolitaine
Roger Furcade,1952,Fly-half,1,1,0,0,0,0,Saint-Nazaire,France,38330,France métropolitaine
Paul Labadie,1952,Hooker,21,13,8,0,0,0,Bayonne,France,64100,France métropolitaine
Robert Labarthete,1952,"Fullback, Scrum-half",1,1,0,0,0,0,Gan,中华人民共和国,甘肃省,Missing
Roger Martine,1952,"Fly-half, Fullback, Centre",25,20,3,2,1,6,Bellocq,France,64270,France métropolitaine
Francois Varenne,1952,Lock,1,1,0,0,0,0,Junay,France,89700,France métropolitaine
Antoine Labazuy,1952,Fly-half,11,8,2,1,0,39,Carcassonne,France,11000,France métropolitaine
Jean Colombier,1952,Wing,3,0,3,0,0,0,Saint-Julien-en-Gene,France,63390,France métropolitaine
Pierre Guilleux,1952,Fullback,2,1,1,0,0,0,Usseau,France,France métropolitaine,Bourgogne
Jacques Mauran,1952,Centre,6,1,5,0,0,0,Rignac,France,France métropolitaine,Bretagne
Michel Lecointre,1952,Fly-half,1,1,0,0,0,0,Troyes,France,10000,France métropolitaine
Lucien Roge,1952,"Wing, Centre",15,10,4,1,4,12,Cessenon,France,34460,France métropolitaine
Andre Sanac,1952,"Prop, Lock",10,5,5,0,1,3,Trouillas,France,66300,France métropolitaine
Jean-Claude Rouan,1953,Fullback,2,1,1,0,0,0,Quillan,France,11500,France métropolitaine
Paul Tignol,1953,"No. 8, Lock",2,1,1,0,0,0,Toulouse,France,31000;31100;31200;31300;31400;31500,France métropolitaine
Julien Arrieta,1953,Hooker,2,0,2,0,0,0,Irun,España,Euskadi,Gipuzkoa
Robert Carrere,1953,Prop,2,1,1,0,0,0,Saint-Sever,France,40500,France métropolitaine
Michel Celaya,1953,Back-row,50,30,15,5,6,18,Biarritz,France,64200,France métropolitaine
Andre Haget,1953,Fly-half,14,10,4,0,1,3,Biarritz,France,64200,France métropolitaine
Laurent Bidart,1953,Fly-half,1,0,1,0,0,0,Le Boucau,France,64340,France métropolitaine
Henri Domec,1953,Flanker,20,15,5,0,1,3,Lourdes,France,65100,France métropolitaine
Joseph Galy,1953,Centre,1,0,1,0,0,0,Bages,España,CAT,BCN
Michel Vannier,1953,Fullback,43,28,12,3,1,180,Etain,France,55400,France métropolitaine
Jean Darrieussecq,1953,Scrum-half,1,1,0,0,0,0,Peyrehorade,France,40300,France métropolitaine
Jean-Henri Pargade,1953,Centre,1,1,0,0,0,0,Bayonne,France,64100,France métropolitaine
Robert Baulon,1954,Back-row,18,12,6,0,6,18,Le Boucau,France,64340,France métropolitaine
Jacques Bouquet,1954,"Fly-half, Centre",34,20,10,4,3,21,Tullins,France,38210,France métropolitaine
Andre Boniface,1954,"Wing, Centre",48,25,18,5,11,44,Monfort-en-Chalosse,France,59720,France métropolitaine
Henri Claverie,1954,Fullback,2,1,1,0,0,0,Lourdes,France,65100,France métropolitaine
Amedee Domenech,1954,"Prop, No. 8",52,32,16,4,8,24,Narbonne,France,11100,France métropolitaine
Pierre Albaladejo,1954,"Fullback, Fly-half",30,19,8,3,0,104,Dax,France,40100,France métropolitaine
Jean Benetiere,1954,Hooker,2,2,0,0,0,0,Le Coteau,France,42120,France métropolitaine
Jean Bichindaritz,1954,Prop,3,3,0,0,0,0,Biarritz,France,64200,France métropolitaine
Gilbert Larreguy,1954,Flanker,1,1,0,0,1,3,Mouguerre,France,64990,France métropolitaine
Jacques Lepatey,1954,Wing,5,4,1,0,2,6,Salleles d'Aude,France,11590,France métropolitaine
Gerard Murillo,1954,"Wing, Centre",2,2,0,0,3,9,Paris,France,France métropolitaine,Île-de-France
Jean Barthe,1954,"Flanker, No. 8, Lock",26,17,7,2,0,0,Lourdes,France,65100,France métropolitaine
Robert Basauri,1954,Fly-half,1,1,0,0,0,0,Hendaye,France,64700,France métropolitaine
Philibert Capitani,1954,Lock,2,2,0,0,0,0,Frassivoro,g,n,i
Pierre Danos,1954,Scrum-half,17,11,3,3,3,15,Toulouse,France,31000;31100;31200;31300;31400;31500,France métropolitaine
Yves Duffaut,1954,Flanker,2,2,0,0,0,0,Samatan,France,32130,France métropolitaine
Jacques Meynard,1954,"Fullback, Centre",2,2,0,0,0,10,Cognac,France,16100,France métropolitaine
Henri Lazies,1954,"Lock, No. 8, Prop",4,3,1,0,0,0,Belloc-St-Clamens,France,32300,France métropolitaine
Andre Morel,1954,Wing,1,1,0,0,1,3,Grenoble,France,38000;38100,France métropolitaine
Henri Rancoule,1955,Wing,27,19,5,3,8,24,Bram,France,11150,France métropolitaine
Jacques Chiberry,1955,Wing,1,1,0,0,0,0,Sauveterre-de-Bearn,France,64390,France métropolitaine
Michel Escommier,1955,Hooker,1,1,0,0,0,0,Montelimar,France,26200,France métropolitaine
Thomas Manterola,1955,"No. 8, Prop",2,2,0,0,0,0,Ciboure,France,64500,France métropolitaine
Jean Carrere,1956,Flanker,8,2,5,1,0,0,Argeles-sur-Mer,France,66700,France métropolitaine
Jean-Vincent Dupuy,1956,"Wing, Centre",40,22,12,6,19,57,Vic-en-Bigorre,France,65500,France métropolitaine
Gerard Roucaries,1956,Lock,1,0,1,0,0,0,Rivesaltes,France,66600,France métropolitaine
Guy Stener,1956,"Wing, Centre",5,3,1,1,0,0,Vichy,France,03200,France métropolitaine
Serge Torreilles,1956,Wing,1,0,1,0,0,0,Baixas,France,66390,France métropolitaine
Robert Vigier,1956,Hooker,24,14,8,2,1,3,Lanobre,France,15270,France métropolitaine
Guy Pauthe,1956,Scrum-half,1,1,0,0,1,3,Graulhet,France,81300,France métropolitaine
Georges Gauby,1956,Scrum-half,1,1,0,0,0,0,Rivesaltes,France,66600,France métropolitaine
Francois Moncla,1956,"Flanker, Lock",31,18,8,5,7,21,Louvie-Juzon,France,64260,France métropolitaine
Rene Monie,1956,Centre,2,1,1,0,1,3,Theza,France,66200,France métropolitaine
Christian Darrouy,1957,Wing,40,22,12,6,23,69,Pouydesseaux,France,40120,France métropolitaine
Michel Hoche,1957,Lock,5,2,3,0,0,0,Levallois-Perret,France,92300,France métropolitaine
Paul Cassagne,1957,Lock,1,1,0,0,0,10,Tarbes,France,65000,France métropolitaine
Roland Darracq,1957,Flanker,1,1,0,0,0,0,Dax,France,40100,France métropolitaine
Gerard Mauduy,1957,Wing,7,5,2,0,2,6,Perigueux,France,24000,France métropolitaine
Michel Crauste,1957,Back-row,63,38,16,9,10,30,Saint-Laurent-de-Gos,g,n,i
Adrien Normand,1957,Lock,1,1,0,0,0,0,Orthevielle,France,40300,France métropolitaine
Christian Vignes,1957,"Centre, Fly-half",4,2,2,0,1,3,Biarritz,France,64200,France métropolitaine
Aldo Quaglio,1957,"Prop, Flanker",13,8,3,2,1,3,Saverdun,France,09700,France métropolitaine
Pierre Lacroix,1958,Scrum-half,27,16,8,3,4,12,Houeill,g,n,i
Alfred Roques,1958,Prop,30,22,3,5,0,0,Cazes-Mondenard,France,82110,France métropolitaine
Pierre Tarricq,1958,Wing,4,4,0,0,1,3,Labouheyre,France,40210,France métropolitaine
Arnaud Marquesuzaa,1958,Centre,10,7,0,3,1,3,Mauleon,France,64130,France métropolitaine
Bernard Mommejat,1958,Lock,22,14,5,3,2,6,Paris,France,France métropolitaine,Île-de-France
Pierre Lacaze,1958,Fullback,7,4,1,2,0,14,Pontacq,France,64530,France métropolitaine
Louis Casaux,1959,"Centre, Fullback",3,2,1,0,2,6,Tarbes,France,65000,France métropolitaine
Claude Mantoulan,1959,Fly-half,1,0,1,0,0,0,Pau,France,64000,France métropolitaine
Serge Mericq,1959,Wing,5,3,1,1,2,6,La Reole,France,33190,France métropolitaine
Jean de Gregorio,1960,Hooker,22,14,5,3,1,3,Romans-sur-Isere,France,26100,France métropolitaine
Sylvain Meyer,1960,Back-row,5,3,1,1,2,6,Strasbourg,France,67000;67100;67200,France métropolitaine
Guy Boniface,1960,Centre,35,19,10,6,15,45,Monfort-en-Chalosse,France,59720,France métropolitaine
Herve Larrue,1960,Lock,7,6,1,0,1,3,Boissezon,France,81490,France métropolitaine
Jean-Pierre Saux,1960,"Prop, Lock",22,14,6,2,2,6,Paris,France,France métropolitaine,Île-de-France
Raoul Barriere,1960,Prop,1,0,1,0,0,0,Beziers,France,34500,France métropolitaine
Roger Brethes,1960,Fullback,1,1,0,0,0,3,Saint-Sever,France,40500,France métropolitaine
Michel Lacome,1960,Centre,1,1,0,0,0,0,Bagneres-de-Bigorre,France,65200;65710,France métropolitaine
Jean Othats,1960,Wing,2,2,0,0,0,0,Bugnein,France,64190,France métropolitaine
Roland Crancee,1960,No. 8,2,2,0,0,1,3,Treveray,France,55130,France métropolitaine
Jacques Rollet,1960,Hooker,5,4,1,0,0,0,Bayonne,France,64100,France métropolitaine
Louis Echave,1961,"Flanker, Lock",1,1,0,0,0,0,Ciboure,France,64500,France métropolitaine
Jean Gachassin,1961,"Fullback, Wing, Centre, Fly-half",32,19,9,4,8,32,Bagneres-de-Bigorre,France,65200;65710,France métropolitaine
Gerard Bouguyon,1961,"Lock, Prop",9,4,3,2,1,3,Quimerch,France,29590,France métropolitaine
Marcel Puget,1961,Scrum-half,17,6,9,2,0,3,Limoux,France,11300,France métropolitaine
Guy Calvo,1961,"Fullback, Wing, Centre",2,0,2,0,0,0,Tarbes,France,65000,France métropolitaine
Pierre Cazals,1961,Prop,3,1,1,1,0,0,Mont-de-Marsan,France,40000,France métropolitaine
Jean Laudouar,1961,Hooker,5,1,3,1,0,0,Soustons,France,40140,France métropolitaine
Claude Lacaze,1961,Fullback,33,18,11,4,1,59,Pontacq,France,64530,France métropolitaine
Roland Lefevre,1961,No. 8,1,0,1,0,0,0,La Flamengrie,France,02260,France métropolitaine
Jean Pique,1961,"Wing, Centre",18,11,5,2,2,6,Pau,France,64000,France métropolitaine
Guy Camberabero,1961,Fly-half,14,10,3,1,2,110,Soubion,g,n,i
Marcel Cassiede,1961,Lock,3,1,1,1,0,0,Gousse,France,40465,France métropolitaine
Serge Plantey,1961,"Wing, Fly-half",2,2,0,0,0,0,Salles,France,86150,France métropolitaine
Rene le Bourhis,1961,Lock,1,0,0,1,0,0,Saint-Malo-de-Guersa,g,n,i
Henri Marracq,1961,Flanker,1,0,0,1,1,3,Pontacq,France,64530,France métropolitaine
Roger Gensane,1962,Flanker,7,4,3,0,0,0,Severac-le-Chateau,France,12150,France métropolitaine
Henri Romero,1962,Back-row,7,4,3,0,0,0,Sigean,France,11130,France métropolitaine
Claude Laborde,1962,"Wing, Scrum-half",5,2,2,1,0,0,Peyrehorade,France,40300,France métropolitaine
Michel Arino,1962,Wing,1,0,1,0,0,0,Penne-d'Agenais,France,47140,France métropolitaine
Maurice Lira,1962,"Flanker, No. 8, Lock",13,8,2,3,2,6,La Mure,France,38350,France métropolitaine
Francis Mas,1962,Prop,5,2,3,0,0,0,Cazouls-les-Beziers,France,34370,France métropolitaine
Pierre Razat,1962,"Centre, Fullback",4,1,2,1,0,0,Fumel,France,47500,France métropolitaine
Pierre Besson,1963,Wing,5,2,3,0,0,0,Saint-Astier,France,24110,France métropolitaine
Jean Fabre,1963,No. 8,8,3,5,0,0,0,Rodez,France,12000,France métropolitaine
Fernand Zago,1963,Prop,2,1,1,0,0,0,Saint-Lys,France,31470,France métropolitaine
Paul Dedieu,1963,Fullback,12,8,2,2,0,25,Toulouse,France,31000;31100;31200;31300;31400;31500,France métropolitaine
Raymond Rebujent,1963,Hooker,1,0,1,0,0,0,Elne,France,66200,France métropolitaine
Roger Fite,1963,"No. 8, Lock",2,2,0,0,0,0,Cabrerolles,France,34480,France métropolitaine
Jean-Claude Lasserre,1963,"Halfback, Scrum-half",13,8,4,1,0,3,Hussein Dey,Algérie الجزائر,Alger - الجزائر,Daïra Hussein Dey
Jean le Droff,1963,Lock,9,4,3,2,0,0,Ordan-Larroque,France,32350,France métropolitaine
Lucien Abadie,1963,Prop,1,0,0,1,0,0,Bouilh Devant,France,65140,France métropolitaine
Jean-Claude Berejnoi,1963,Prop,27,19,4,4,0,0,Decazeville,France,12300,France métropolitaine
Jean-Michel Cabanier,1963,Hooker,26,18,5,3,4,12,Lavilledieu-du-Templ,g,n,i
Andre Herrero,1963,Back-row,22,14,5,3,2,6,Puisserguier,France,34620,France métropolitaine
Jean-Joseph Rupert,1963,Flanker,14,9,3,2,4,12,Saint-Jean-de-Marsac,g,n,i
Jacques Bayardon,1964,Prop,3,0,3,0,0,0,Macon,United States of America,Georgia,Bibb County
Benoit Dauga,1964,"Lock, No. 8",63,30,26,7,11,34,Montgaillard,France,65200,France métropolitaine
Jean-Baptiste Amestoy,1964,Prop,2,0,2,0,0,0,Ustaritz,France,64480,France métropolitaine
Jean-Claude Hiquet,1964,Fly-half,1,0,1,0,0,0,Soustons,France,40140,France métropolitaine
Arnaldo Gruarin,1964,Prop,26,19,4,3,2,6,Bagnara,Italia,PIE,AL
Yves Menthillier,1964,Hooker,5,3,1,1,0,0,Bourg-en-Bresse,France,01000,France métropolitaine
Michel Sitjar,1964,Flanker,13,10,2,1,1,3,Castelsagrat,France,82400,France métropolitaine
Andre Abadie,1964,Hooker,1,1,0,0,0,0,Aureilhan,France,65800,France métropolitaine
Michel Arnaudet,1964,"Centre, Wing",3,3,0,0,4,12,Lourdes,France,65100,France métropolitaine
Jean Capdouze,1964,"Centre, Fly-half",6,4,1,1,2,6,Salies-de-Bearn,France,64270,France métropolitaine
Walter Spanghero,1964,"No. 8, Lock, Flanker",NA,NA,NA,NA,NA,NA,Payra-sur-l'Hers,France,11410,France métropolitaine
Lilian Camberabero,1964,Scrum-half,13,11,1,1,2,9,Saint-Vincent-de-Tyr,g,n,i
Andre Campaes,1965,Wing,14,8,5,1,4,12,Lourdes,France,65100,France métropolitaine
Andre Abadie,1965,Prop,7,4,2,1,0,0,Toulouse,France,31000;31100;31200;31300;31400;31500,France métropolitaine
Elie Cester,1966,Lock,35,18,13,4,1,3,L'Isle-Jourdain,France,32600,France métropolitaine
Jean-Claude Roques,1966,Fly-half,4,3,0,1,0,0,Brive,France,01470,France métropolitaine
Bernard Duprat,1966,Wing,15,9,5,1,9,31,Bayonne,France,64100,France métropolitaine
Jean-Claude Lagrange,1966,Centre,1,1,0,0,1,3,Perigueux,France,24000,France métropolitaine
Jo Maso,1966,"Fly-half, Centre",25,12,11,2,4,15,Toulouse,France,31000;31100;31200;31300;31400;31500,France métropolitaine
Christian Carrere,1966,Flanker,27,15,10,2,4,12,Tarbes,France,65000,France métropolitaine
Claude Dourthe,1966,Centre,33,17,13,3,10,40,Magescq,France,40140,France métropolitaine
Jean Salut,1966,Flanker,7,4,3,0,1,3,Beaumont-de-Lomagne,France,82500,France métropolitaine
Jean-Pierre Mir,1967,Centre,1,1,0,0,0,0,Saint-Lary,France,France métropolitaine,Aquitaine
Jean-Pierre Lux,1967,"Centre, Wing",47,22,19,6,12,42,Saint-Vincent-de-Tyr,g,n,i
Jacques Fort,1967,"Prop, Lock",7,4,2,1,0,0,Bordeaux,France,33000;33100;33300;33800,France métropolitaine
Pierre Villepreux,1967,"Fullback, Fly-half",34,14,16,4,2,166,Pompadour,France,19230,France métropolitaine
Jean-Michel Esponda,1967,Prop,10,1,9,0,0,0,Hendaye,France,64700,France métropolitaine
Andre Quilis,1967,"Flanker, Wing",5,1,2,2,0,0,Coursan,France,11110,France métropolitaine
Jean-Louis Dehez,1967,"Fly-half, Fullback",2,1,1,0,0,11,Mont-de-Marsan,France,40000,France métropolitaine
Michel Lasserre,1967,"Lock, No. 8, Prop",15,5,9,1,0,0,Le Cause,France,13100,France métropolitaine
Jean-Claude Malbet,1967,Hooker,2,0,1,1,0,0,Larresingle,g,n,i
Alain Plantefol,1967,Lock,11,5,4,2,1,3,Colombes,France,92700,France métropolitaine
Gerard Sutra,1967,Scrum-half,4,2,1,1,0,0,Narbonne,France,11100,France métropolitaine
Jacques Londios,1967,Wing,1,1,0,0,0,0,Montauban,France,82000,France métropolitaine
Jean Trillo,1967,Centre,28,12,11,5,6,19,Condom,France,32100,France métropolitaine
Jacques Crampagne,1967,"Fullback, Wing",1,0,0,1,0,0,Foix,France,09000,France métropolitaine
Jean-Michel Capendeguy,1967,Wing,2,1,1,0,1,3,Ciboure,France,64500,France métropolitaine
Jean-Jacques Lenient,1967,Wing,1,1,0,0,0,0,Saint-Prix,France,07270,France métropolitaine
Jean-Henri Mir,1967,Scrum-half,2,2,0,0,0,0,Saint-Lary,France,France métropolitaine,Aquitaine
Jean-Marie Bonal,1968,Wing,14,5,9,0,5,15,Saint-Cirgues-de-Jor,g,n,i
Jean-Claude Noble,1968,Prop,6,3,3,0,0,0,Marseille,France,France métropolitaine,Provence-Alpes-Côte d'Azur
Michel Yachvili,1968,"Hooker, Flanker",15,5,8,2,0,0,Tulle,France,19000,France métropolitaine
Michel Greffe,1968,Back-row,5,2,3,0,0,0,Lyon,France,France métropolitaine,Rhône-Alpes
Jean-Paul Baux,1968,Hooker,4,0,4,0,0,0,Larroque,France,65230,France métropolitaine
Jean Iracabal,1968,Prop,34,15,15,4,0,0,Larressore,France,64480,France métropolitaine
Andre Piazza,1968,Wing,2,0,2,0,0,0,Moissac,France,82200,France métropolitaine
Christian Boujet,1968,"Fullback, Fly-half",3,0,3,0,1,5,Jarrie,France,38560,France métropolitaine
Bernard Dutin,1968,"Lock, Flanker",4,0,4,0,0,0,Thomes,Österreich,6170,Tirol
Jean-Louis Berot,1968,"Scrum-half, Fly-half",21,7,10,4,1,23,Dax,France,40100,France métropolitaine
Michel Billiere,1968,Back-row,1,0,1,0,0,0,Salles-sur-Garonne,France,31390,France métropolitaine
Claude Chenevay,1968,Flanker,1,0,1,0,0,0,Grenoble,France,38000;38100,France métropolitaine
Henri Magois,1968,Fullback,3,0,3,0,0,0,La Rochelle,France,17000,France métropolitaine
Dominique Bontemps,1968,Flanker,1,0,1,0,0,0,Rochefort,France,17300,France métropolitaine
Lucien Paries,1968,Fly-half,8,4,4,0,0,46,Anglet,France,64600,France métropolitaine
Andre Ruiz,1968,Centre,2,0,2,0,0,0,Semeac,France,65600,France métropolitaine
Jean Sillieres,1968,Wing,8,4,2,2,3,10,Marciac,France,32230,France métropolitaine
Pierre Biemouret,1969,Flanker,19,8,9,2,1,4,Mas d'Auvignon,France,32700,France métropolitaine
Michel Hauser,1969,Flanker,1,0,1,0,0,0,Lourdes,France,65100,France métropolitaine
Basile Moraitis,1969,Wing,2,0,1,1,0,0,Marseille,France,France métropolitaine,Provence-Alpes-Côte d'Azur
Christian Swierczinski,1969,Hooker,2,0,1,1,0,0,Saint-Mayme-de-Perey,g,n,i
Jean-Louis Azarete,1969,Prop,26,11,10,5,0,0,Urrugne,France,64122;64700,France métropolitaine
Rene Benesis,1969,Hooker,30,15,9,6,0,0,Orthez,France,64300,France métropolitaine
Gerard Viard,1969,"Centre, Flanker",5,3,0,2,0,0,Saint-Jean-de-Saucie,g,n,i
Jean-Pierre Bastiat,1969,"No. 8, Lock",32,21,8,3,4,24,Pouillon,France,40350,France métropolitaine
Roger Bourgarel,1969,Wing,9,6,2,1,1,3,Toulouse,France,31000;31100;31200;31300;31400;31500,France métropolitaine
Pierre Darbos,1969,Flanker,1,1,0,0,0,0,Saint-Paul-les-Dax,France,40990,France métropolitaine
Alain Marot,1969,Centre,7,4,3,0,0,0,Bergerac,France,24100,France métropolitaine
Michel Savitsky,1969,Lock,1,1,0,0,0,0,Sarrians,France,84260,France métropolitaine
Jack Cantoni,1970,"Fullback, Wing",17,6,8,3,3,13,Carmaux,France,81400,France métropolitaine
Michel Pebeyre,1970,Scrum-half,7,3,2,2,1,3,Brive,France,01470,France métropolitaine
Max Barrau,1971,Scrum-half,15,8,5,2,1,4,Beaumont-de-Lomagne,France,82500,France métropolitaine
Daniel Dubois,1971,Flanker,1,1,0,0,0,0,Le Havre,France,76600;76610;76620,France métropolitaine
Marc Etcheverry,1971,Prop,2,1,0,1,0,0,Pau,France,64000,France métropolitaine
Roland Bertranne,1971,"Wing, Centre",69,38,25,6,17,66,Ibos,France,65420,France métropolitaine
Claude Spanghero,1971,"Lock, No. 8",NA,NA,NA,NA,NA,NA,Payra-sur-l'Hers,France,11410,France métropolitaine
Alain Esteve,1971,"Lock, Flanker, No. 8",20,7,11,2,0,0,Castelnaudary,France,11400,France métropolitaine
Jean-Claude Skrela,1971,Flanker,46,27,14,5,6,24,Cornebarrieu,France,31700,France métropolitaine
Jean-Michel Aguirre,1971,"Scrum-half, Fullback",39,25,11,3,2,123,Tostat,France,65140,France métropolitaine
Victor Boffelli,1971,Flanker,18,8,8,2,2,8,Arques,France,11190,France métropolitaine
Yvan Buonomo,1971,No. 8,3,2,1,0,0,0,Sete,France,34200,France métropolitaine
Andre Dubertrand,1971,Wing,12,8,2,2,5,20,Saubion,France,40230,France métropolitaine
Jean-Pierre Hortoland,1971,Prop,1,1,0,0,0,0,Marseillan,France,34340,France métropolitaine
Jean-Louis Martin,1971,Prop,4,2,2,0,0,0,Beziers,France,34500,France métropolitaine
Richard Astre,1971,Scrum-half,11,5,6,0,1,10,Toulouse,France,31000;31100;31200;31300;31400;31500,France métropolitaine
Olivier Saisset,1971,Back-row,17,9,7,1,2,8,Le Poujol-sur-Oub,g,n,i
Armand Vaquerin,1971,Prop,26,11,11,4,0,0,Severac-le-Chateau,France,12150,France métropolitaine
Jacques Fouroux,1972,Scrum-half,27,17,7,3,5,20,Auch,France,32000,France métropolitaine
Henri Cabrol,1972,Fly-half,4,2,1,1,0,8,Bize-Minervois,France,11120,France métropolitaine
Andre Lubrano,1972,Hooker,2,2,0,0,0,0,Sete,France,34200,France métropolitaine
Jean-Claude Rossignol,1972,"Prop, Lock",1,1,0,0,0,0,Grignols,France,24110,France métropolitaine
Michel Droitecourt,1972,"Fullback, Wing",17,9,6,2,2,14,Meaux,France,77100,France métropolitaine
Jean-Pierre Romeu,1972,Fly-half,34,21,10,3,4,265,Thuir,France,66300,France métropolitaine
Andre Darrieussecq,1973,Prop,1,0,1,0,0,0,Saint-Jean-de-Luz,France,64500,France métropolitaine
Christian Badin,1973,Centre,3,2,1,0,0,0,Pont-de-Vaux,France,01190,France métropolitaine
Jean-Francois Phliponeau,1973,Wing,2,1,1,0,1,4,Fort-de-l'Eau,France,92100,France métropolitaine
Gilles Delaigue,1973,Centre,2,2,0,0,1,4,Sainte-Colombe,France,69560,France métropolitaine
Jacques Rougerie,1973,"Prop, Hooker",1,1,0,0,0,0,Pamiers,France,09100,France métropolitaine
Michel Sappa,1973,Lock,3,3,0,0,0,0,Toulon,France,83000;83100;83200,France métropolitaine
Rene Seguier,1973,Wing,2,2,0,0,0,0,Vendres,France,34350,France métropolitaine
Jean Costantino,1973,"Prop, Hooker",1,1,0,0,0,0,Montauban,France,82000,France métropolitaine
Daniel Kaczorowski,1974,Flanker,1,1,0,0,0,0,Le Creusot,France,71200,France métropolitaine
Joel Pecune,1974,"Wing, Centre",10,6,2,2,4,16,Ibos,France,65420,France métropolitaine
Jean-Francois Gourdon,1974,Wing,22,14,8,0,12,48,Paris,France,France métropolitaine,Île-de-France
Francis Haget,1974,Lock,40,24,13,3,1,4,Sauveterre-de-Bearn,France,64390,France métropolitaine
Alain Paco,1974,"Prop, Hooker",35,24,10,1,1,4,Beziers,France,34500,France métropolitaine
Georges Senal,1974,Lock,6,2,4,0,0,0,Serignan,France,34410,France métropolitaine
Laurent Desnoyer,1974,Wing,1,0,1,0,0,0,Brive,France,01470,France métropolitaine
Jean-Martin Etchenique,1974,Centre,4,2,2,0,1,4,Ustaritz,France,64480,France métropolitaine
Michel Taffary,1975,Fullback,4,2,2,0,0,6,Peyrehorade,France,40300,France métropolitaine
Gerard Cholley,1975,"Lock, Prop",31,22,7,2,3,12,Fontaine-les-Luxeuil,France,70800,France métropolitaine
Alain Guilbert,1975,"No. 8, Lock",14,7,5,2,1,4,Saint-Maur-des-Fosse,g,n,i
Jean-Pierre Rives,1975,Flanker,59,39,17,3,5,20,Toulouse,France,31000;31100;31200;31300;31400;31500,France métropolitaine
Jean-Luc Averous,1975,Wing,25,16,9,0,7,28,Beziers,France,34500,France métropolitaine
Jean-Louis Ugartemendia,1975,Hooker,2,1,1,0,0,0,Bayonne,France,64100,France métropolitaine
Francois Sangalli,1975,Centre,15,9,5,1,1,4,Narbonne,France,11100,France métropolitaine
Yves Brunet,1975,Hooker,2,1,1,0,0,0,Peyrestortes,France,66600,France métropolitaine
Dominique Harize,1975,Wing,9,6,3,0,4,16,Saint-Cere,France,46400,France métropolitaine
Michel Palmie,1975,Lock,23,17,5,1,0,0,Beziers,France,34500,France métropolitaine
Robert Paparemborde,1975,Prop,55,34,20,1,8,32,Laruns,France,64440,France métropolitaine
Patrice Peron,1975,Flanker,2,0,2,0,1,4,Colombes,France,92700,France métropolitaine
Jean-Pierre Pesteil,1975,"Fullback, Centre, Fly-half",3,1,2,0,0,9,Vendres,France,34350,France métropolitaine
Gerard Rousset,1975,Back-row,2,1,1,0,1,4,Bourg-les-Valence,France,26500,France métropolitaine
Jean-Francois Imbernon,1976,Lock,23,18,3,2,0,0,Perpignan,France,66000;66100,France métropolitaine
Rene Berges-Cau,1976,Fullback,1,1,0,0,0,0,Encausse-les-Thermes,France,31160,France métropolitaine
Jacques Cimarosti,1976,Centre,1,1,0,0,0,0,Lourdes,France,65100,France métropolitaine
Guy Gasparotto,1976,Lock,2,1,1,0,0,0,Aucamville,France,31140,France métropolitaine
Daniel Bustaffa,1977,Wing,11,3,7,1,1,4,Carcassonne,France,11000,France métropolitaine
Jean-Luc Joinel,1977,Back-row,51,29,19,3,1,4,Saint-Vincent-de-Cos,g,n,i
Guy Noves,1977,Wing,7,4,2,1,0,0,Toulouse,France,31000;31100;31200;31300;31400;31500,France métropolitaine
Jacques Gasc,1977,Flanker,1,0,1,0,0,0,Graulhet,France,81300,France métropolitaine
Christian Belascain,1977,Centre,18,11,6,1,1,4,Biarritz,France,64200,France métropolitaine
Pierre Dospital,1977,Prop,24,16,6,2,0,0,Itxassou,France,64250,France métropolitaine
Jerome Gallion,1978,Scrum-half,27,17,6,4,10,40,Toulon,France,83000;83100;83200,France métropolitaine
Bernard Vivies,1978,"Fullback, Fly-half",10,4,5,1,0,20,Rieumes,France,31370,France métropolitaine
Louis Bilbao,1978,Wing,2,1,0,1,0,0,Saint-Jean-de-Luz,France,64500,France métropolitaine
Alain Caussade,1978,"Fly-half, Wing",12,6,5,1,2,42,Juillan,France,65290,France métropolitaine
Michel Clemente,1978,No. 8,3,2,1,0,0,0,Oloron-Sainte-Marie,France,64400,France métropolitaine
Yves Lafarge,1978,"Centre, Scrum-half",3,2,1,0,0,0,Chaville,France,92370,France métropolitaine
Alain Maleig,1979,"Lock, No. 8",7,2,5,0,0,0,Oloron-Sainte-Marie,France,64400,France métropolitaine
Frederic Costes,1979,Wing,7,4,3,0,1,4,La Rochelle,France,17000,France métropolitaine
Roger Aguerre,1979,Fly-half,1,1,0,0,0,6,Mauleon,France,64130,France métropolitaine
Yves Malquier,1979,No. 8,1,1,0,0,2,8,Sigean,France,11130,France métropolitaine
Jean-Francois Marchal,1979,Lock,5,3,2,0,1,4,Paris,France,France métropolitaine,Île-de-France
Christian Beguerie,1979,Back-row,1,0,1,0,0,0,Layrac,France,47390,France métropolitaine
Didier Codorniou,1979,Centre,31,18,10,3,5,20,Narbonne,France,11100,France métropolitaine
Guy Colomine,1979,Prop,1,0,1,0,0,0,Narbonne,France,11100,France métropolitaine
Philippe Dintrans,1979,Hooker,50,27,20,3,3,12,Tarbes,France,65000,France métropolitaine
Patrick Mesny,1979,Centre,14,7,7,0,3,12,Montlucon,France,03100,France métropolitaine
Patrick Salas,1979,"Prop, Lock, No. 8",7,3,4,0,0,0,Narbonne,France,11100,France métropolitaine
Daniel Dubroca,1979,"Hooker, Prop",33,22,10,1,2,8,Aiguillon,France,47190,France métropolitaine
Jacques Cristina,1979,No. 8,1,1,0,0,0,0,Clermont-Ferrand,France,63000;63100,France métropolitaine
Manuel Carpentier,1980,"Lock, No. 8",8,2,6,0,0,0,Calais,France,62100,France métropolitaine
Yves Duhard,1980,Lock,1,0,1,0,0,0,Bagneres-de-Bigorre,France,65200;65710,France métropolitaine
Serge Gabernet,1980,Fullback,14,8,6,0,2,48,Montrejeau,France,31210,France métropolitaine
Pierre Pedeutour,1980,Fly-half,1,1,0,0,0,3,Menzel-Bou-Zulfa,g,n,i
Serge Blanco,1980,"Wing, Fullback",93,54,36,3,38,233,Caracas,Venezuela,Región Capital,Distrito Capital
Jean-Pierre Elissalde,1980,Scrum-half,5,1,4,0,2,11,La Rochelle,France,17000,France métropolitaine
Pierre Lacans,1980,Flanker,6,3,3,0,2,8,Lezignan,France,65100,France métropolitaine
Laurent Pardo,1980,"Fullback, Wing, Centre",14,6,6,2,3,12,Bayonne,France,64100,France métropolitaine
Jean-Paul Wolf,1980,"Prop, Lock",4,0,4,0,0,0,Montreuil-sous-Bois,France,93100,France métropolitaine
Eric Buchet,1980,Flanker,5,2,3,0,0,0,Nice,France,06000;06100;06200;06300,France métropolitaine
Michel Cremaschi,1980,Prop,11,5,5,1,0,0,Betbezer,France,40240,France métropolitaine
Jean-Pierre Fauvel,1980,Flanker,1,0,1,0,0,0,Castillonnes,France,47330,France métropolitaine
Pierre Berbizier,1981,Scrum-half,56,32,23,1,7,28,Saint-Gaudens,France,31800,France métropolitaine
Daniel Revailler,1981,Lock,14,7,7,0,0,0,Rabastens,France,81800,France métropolitaine
Guy Laporte,1981,Fly-half,16,11,5,0,3,143,Beaufort,France,73270,France métropolitaine
Dominique Erbani,1981,Back-row,46,30,13,3,3,12,Eymet,France,24500,France métropolitaine
Michel Fabre,1981,Wing,6,2,4,0,1,4,Pezenas,France,34120,France métropolitaine
Alain Lorieux,1981,Lock,30,20,9,1,3,12,La Tronche,France,38700,France métropolitaine
Laurent Rodriguez,1981,Back-row,56,29,24,3,7,28,Poitiers,France,86000,France métropolitaine
Adrien Mournet,1981,Scrum-half,1,0,1,0,0,0,Galan,France,65330,France métropolitaine
Marc Sallefranque,1981,"Fly-half, Fullback",4,0,4,0,0,19,Dax,France,40100,France métropolitaine
Jean-Patrick Lescarboura,1982,Fly-half,28,13,12,3,6,200,Monein,France,64360,France métropolitaine
Gerard Martinez,1982,Scrum-half,7,4,3,0,0,3,Montrejeau,France,31210,France métropolitaine
Patrick Perrier,1982,Centre,4,1,3,0,0,0,Bayonne,France,64100,France métropolitaine
Didier Camberabero,1982,"Fly-half, Fullback, Wing",36,24,12,0,12,354,Valence,France,26000,France métropolitaine
Pierre Chadebech,1982,Centre,5,3,2,0,0,0,Ussel,Italia,PIE,TO
Jean Condom,1982,Lock,61,38,19,4,0,0,Saint-Andre-de-Seign,g,n,i
Patrick Esteve,1982,Wing,25,15,6,4,12,48,Lavelanet,France,09300,France métropolitaine
Philippe Sella,1982,"Centre, Wing",111,70,36,5,30,125,Tonneins,France,47400,France métropolitaine
Thierry Janeczek,1982,Flanker,3,2,1,0,0,0,St-Denis-du-Sig,g,n,i
Jean-Charles Orso,1982,"Lock, No. 8",11,7,2,2,0,0,Cannes,France,06400;06150,France métropolitaine
Jacques Begu,1982,Wing,3,2,1,0,2,8,Dax,France,40100,France métropolitaine
Christian Delage,1983,Fly-half,2,1,1,0,0,0,Brive,France,01470,France métropolitaine
Jean-Louis Dupont,1983,Hooker,1,1,0,0,0,0,Beaumont-de-Lomagne,France,82500,France métropolitaine
Bernard Herrero,1983,Hooker,2,0,2,0,0,0,Toulon,France,83000;83100;83200,France métropolitaine
Jean-Pierre Garuet-Lempirou,1983,Prop,42,24,14,4,0,0,Lourdes,France,65100,France métropolitaine
Jean-Baptiste Lafond,1983,"Fullback, Wing",36,26,9,1,14,101,Neuilly-sur-Seine,France,92200,France métropolitaine
Patrice Lagisquet,1983,Wing,46,27,17,2,20,80,Arcachon,France,33120,France métropolitaine
Pierre-Edouard Detrez,1983,Prop,5,2,3,0,0,0,Paris,France,France métropolitaine,Île-de-France
Jacques Gratton,1984,Flanker,10,4,4,2,0,0,Lectoure,France,32700,France métropolitaine
Eric Bonneval,1984,"Wing, Centre",18,13,5,0,8,32,Toulouse,France,31000;31100;31200;31300;31400;31500,France métropolitaine
Bernard Lavigne,1984,Wing,2,1,0,1,0,0,Castillonnes,France,47330,France métropolitaine
Eric Champ,1985,Flanker,42,30,11,1,3,12,Toulon,France,83000;83100;83200,France métropolitaine
Herve Chabowski,1985,Prop,4,2,2,0,0,0,Cavaillon,France,84300,France métropolitaine
Thierry Picard,1985,"Lock, No. 8",3,3,0,0,0,0,Saint-Sauves-d'Auver,g,n,i
Philippe Marocco,1986,"Prop, Hooker",21,14,7,0,1,4,Cintegabelle,France,31550,France métropolitaine
Denis Charvet,1986,"Centre, Wing",23,16,6,1,6,27,Cahors,France,46000,France métropolitaine
Jerome Bianchi,1986,Fullback,1,0,1,0,0,0,Pau,France,64000,France métropolitaine
Marc Andrieu,1986,"Centre, Wing",26,18,8,0,6,24,Carmaux,France,81400,France métropolitaine
Claude Portolan,1986,Prop,3,1,2,0,0,0,Auterive,France,31190,France métropolitaine
Patrick Serriere,1986,Lock,3,2,1,0,0,0,Saint-Cloud,France,92210,France métropolitaine
Philippe Berot,1986,"Fullback, Wing",19,14,5,0,3,159,Tarbes,France,65000,France métropolitaine
Alain Carminati,1986,Back-row,20,14,6,0,3,14,Champagnole,France,39300,France métropolitaine
Franck Mesnel,1986,"Centre, Fly-half",56,38,17,1,8,41,Neuilly-sur-Seine,France,92200,France métropolitaine
Pascal Ondarts,1986,"Hooker, Prop",42,29,12,1,1,4,Meharin,France,64120,France métropolitaine
Louis Armary,1987,Prop,47,32,14,1,1,4,Lourdes,France,65100,France métropolitaine
Rodolphe Modin,1987,Scrum-half,1,1,0,0,3,12,Paris,France,France métropolitaine,Île-de-France
Jean-Louis Tolot,1987,Prop,1,1,0,0,0,0,Montagnac-sur-Auvign,g,n,i
Karl Janik,1987,Flanker,1,1,0,0,0,0,Oujda,المغرب Maroc ⵍⵎⴰⵖⵔⵉⴱ,Oriental الشرقية,Préfecture d'Oujda-Angad عمالة وجدة - أنجاد
Marc Cecillon,1988,No. 8,46,31,14,1,9,38,Bourgoin,France,62575,France métropolitaine
Michel Hondagne-Monge,1988,Scrum-half,1,0,1,0,0,0,Alfou,Algérie الجزائر,35000,Boumerdès - بومرداس
Gilles Bourguignon,1988,Lock,6,2,4,0,0,0,Evereux,g,n,i
Henri Sanz,1988,Scrum-half,11,6,5,0,1,4,Versailles,France,78000,France métropolitaine
Pierre Harislur-Arthapignet,1988,"Hooker, No. 8",1,1,0,0,0,0,Mauleon,France,64130,France métropolitaine
Thierry Devergie,1988,Lock,17,9,8,0,0,0,Marseille,France,France métropolitaine,Provence-Alpes-Côte d'Azur
Marc dal Maso,1988,Hooker,33,19,14,0,4,20,Escalans,France,40310,France métropolitaine
Dominique Bouet,1989,Hooker,5,2,3,0,0,0,Sort-en-Chalosse,France,40180,France métropolitaine
Philippe Rouge-Thomas,1989,Fly-half,2,0,2,0,1,4,Lannemezan,France,65300,France métropolitaine
Olivier Roumat,1989,"No. 8, Lock, Flanker",61,35,25,1,5,23,Mont-de-Marsan,France,40000,France métropolitaine
Philippe Benetton,1989,Flanker,59,39,19,1,7,34,Cahors,France,46000,France métropolitaine
Bernard Lacombe,1989,Wing,2,0,2,0,1,4,Rouen,France,76000;76100,France métropolitaine
Marc Pujolle,1989,"Lock, Prop",8,1,7,0,0,0,Nimes,France,30000;30900,France métropolitaine
Laurent Seigne,1989,Prop,15,7,8,0,0,0,Tulle,France,19000,France métropolitaine
Stephane Weller,1989,Wing,4,1,3,0,0,0,Juvisy-sur-Orge,France,91260,France métropolitaine
Thierry Lacroix,1989,Fly-half,43,29,13,1,6,367,Nogaro,France,32110,France métropolitaine
Peyo Hontas,1990,Wing,9,5,4,0,0,0,Biarritz,France,64200,France métropolitaine
Jean-Marc Lhermet,1990,Flanker,3,2,1,0,0,0,Montlucon,France,03100,France métropolitaine
Eric Melville,1990,Flanker,6,3,3,0,0,0,Cape Town,South Africa,Western Cape,City of Cape Town
Philippe Gallart,1990,Prop,18,10,8,0,0,0,Beziers,France,34500,France métropolitaine
Jean-Claude Langlade,1990,Centre,3,0,3,0,0,0,Clermont-Ferrand,France,63000;63100,France métropolitaine
Philippe Saint-Andre,1990,Wing,69,46,22,1,32,152,Romans-sur-Isere,France,26100,France métropolitaine
Abdelatif Benazzi,1990,Lock,78,48,30,0,9,45,Ouija,g,n,i
Christophe Deslandes,1990,No. 8,6,4,2,0,0,0,Saint-Monde,France,75013,France métropolitaine
Fabrice Heyer,1990,Prop,1,0,1,0,0,0,Clermont Ferrand,France,63000;63100,France métropolitaine
Xavier Blond,1990,Flanker,6,5,1,0,0,0,Lagny-sur-Marne,France,77400,France métropolitaine
Aubin Hueber,1990,Scrum-half,23,18,4,1,3,21,Tarbes,France,65000,France métropolitaine
David Berty,1990,Wing,6,4,2,0,0,0,Toulouse,France,31000;31100;31200;31300;31400;31500,France métropolitaine
Jean-Francois Gourragne,1990,Lock,2,1,1,0,0,0,Condom,France,32100,France métropolitaine
Laurent Cabannes,1990,Flanker,49,32,16,1,2,8,Reims,France,51100,France métropolitaine
Gregoire Lascube,1991,Prop,12,9,3,0,0,0,Saint-Pee-sur-Nivell,g,n,i
Michel Tachdjian,1991,Lock,3,2,1,0,0,0,Asnieres,France,27260,France métropolitaine
Jean-Marie Cadieu,1991,Lock,12,10,2,0,1,4,Tulle,France,19000,France métropolitaine
Michel Courtiols,1991,Flanker,3,3,0,0,1,4,Fumel,France,47500,France métropolitaine
Fabien Galthie,1991,Scrum-half,64,38,25,1,10,49,Cahors,France,46000,France métropolitaine
Philippe Gimbert,1991,Prop,4,3,1,0,0,0,Firminy,France,42700,France métropolitaine
Vincent Moscato,1991,Hooker,4,3,1,0,0,0,Paris,France,France métropolitaine,Île-de-France
Serge Simon,1991,Prop,2,2,0,0,1,4,Nice,France,06000;06100;06200;06300,France métropolitaine
Jean-Francois Tordo,1991,Flanker,15,10,5,0,0,0,Nice,France,06000;06100;06200;06300,France métropolitaine
Jean-Luc Sadourny,1991,Fullback,71,46,24,1,15,86,Toulouse,France,31000;31100;31200;31300;31400;31500,France métropolitaine
Christophe Mougeot,1992,Lock,3,1,2,0,0,0,Dijon,France,21000,France métropolitaine
Alain Penaud,1992,Fly-half,32,21,10,1,10,62,Juillac,France,France métropolitaine,Aquitaine
Sebastien Viars,1992,Fullback,17,10,7,0,9,127,Aurillac,France,15000,France métropolitaine
Andries van Heerden,1992,No. 8,2,0,2,0,0,0,Cape Town,South Africa,Western Cape,City of Cape Town
Pierre Montlaur,1992,"Fly-half, Fullback",2,1,1,0,0,2,Castelsarrasin,France,82100,France métropolitaine
Jean-Pierre Genet,1992,Hooker,3,2,1,0,0,0,Chatellerault,France,86100,France métropolitaine
Christophe Deylaud,1992,Fly-half,16,11,5,0,1,51,Portet,France,64330,France métropolitaine
Michel Marfaing,1992,Centre,2,2,0,0,0,0,Pamiers,France,09100,France métropolitaine
Stephane Ougier,1992,Fullback,4,2,2,0,0,4,Toulouse,France,31000;31100;31200;31300;31400;31500,France métropolitaine
Jean-Michel Gonzalez,1992,Hooker,35,23,11,1,1,5,Bayonne,France,64100,France métropolitaine
Christian Coeurveille,1992,Centre,2,2,0,0,0,0,Rodez,France,12000,France métropolitaine
Philippe Bernat-Salles,1992,Wing,41,25,15,1,26,130,Pau,France,64000,France métropolitaine
Laurent Mazas,1992,Fly-half,2,0,2,0,0,0,Villefranche,France,France métropolitaine,Centre-Val de Loire
Stephane Graou,1992,Prop,8,4,3,1,0,0,Auch,France,32000,France métropolitaine
Herve Couffignal,1993,Centre,1,1,0,0,0,0,?,g,n,i
Yann Lemeur,1993,Lock,1,1,0,0,0,0,Paris,France,France métropolitaine,Île-de-France
Laurent Verge,1993,Prop,1,1,0,0,0,0,?,g,n,i
Olivier Merle,1993,Lock,45,31,13,1,6,30,Chamalieres,France,63400,France métropolitaine
Olivier Campan,1993,Centre,6,4,1,1,1,5,Condom,France,32100,France métropolitaine
Leon Loppy,1993,Flanker,1,1,0,0,1,5,La Seyne,France,04140,France métropolitaine
Emile Ntamack,1994,Wing,46,32,14,0,26,135,Lyon,France,France métropolitaine,Rhône-Alpes
Laurent Benezech,1994,Prop,15,11,4,0,0,0,Pamiers,France,09100,France métropolitaine
William Techoueyres,1994,Wing,3,2,1,0,1,5,Bordeaux,France,33000;33100;33300;33800,France métropolitaine
Olivier Brouzet,1994,Lock,71,46,24,1,2,10,Beziers,France,34500,France métropolitaine
Yann Delaigue,1994,Fly-half,20,16,4,0,2,37,Vienne,Österreich,Wien,Missing
Alain Macabiau,1994,Scrum-half,2,1,1,0,0,0,Perpignan,France,66000;66100,France métropolitaine
Guy Accoceberry,1994,Scrum-half,19,14,5,0,2,10,Vittel,France,88800,France métropolitaine
Christian Califano,1994,Prop,71,41,30,0,6,30,Toulon,France,83000;83100;83200,France métropolitaine
Arnaud Costes,1994,Flanker,14,9,5,0,1,5,Tulle,France,19000,France métropolitaine
Marc de Rougemont,1995,Hooker,13,9,4,0,0,0,Marseille,France,France métropolitaine,Provence-Alpes-Côte d'Azur
Albert Cigagna,1995,Back-row,1,1,0,0,0,0,Toulouse,France,31000;31100;31200;31300;31400;31500,France métropolitaine
Alain Hyardet,1995,Centre,2,2,0,0,0,0,Aix-le-Province,g,n,i
Marc Lievremont,1995,Flanker,25,19,6,0,5,25,Dakar,Senegal,Dakar,Missing
Franck Tournaire,1995,Prop,49,32,17,0,2,10,Narbonne,France,11100,France métropolitaine
Patrick Arlettaz,1995,Centre,1,1,0,0,2,10,Perpignan,France,66000;66100,France métropolitaine
Olivier Azam,1995,Hooker,10,5,5,0,0,0,Tarbes,France,65000,France métropolitaine
Philippe Carbonneau,1995,Scrum-half,32,22,10,0,5,25,Toulouse,France,31000;31100;31200;31300;31400;31500,France métropolitaine
Thomas Castaignede,1995,"Fullback, Fly-half",54,37,16,1,18,252,Mont-de-Marsan,France,40000,France métropolitaine
Richard Dourthe,1995,Centre,31,20,11,0,3,183,Dax,France,40100,France métropolitaine
Christophe Juillet,1995,No. 8,18,10,8,0,2,10,Villeneuve-sur-Lot,France,47300,France métropolitaine
Fabien Pelous,1995,"No. 8, Lock",118,79,38,1,8,40,Toulouse,France,31000;31100;31200;31300;31400;31500,France métropolitaine
Michel Perie,1996,Prop,3,2,1,0,0,0,Le Pradet,France,83220,France métropolitaine
Stephane Glas,1996,Centre,37,24,13,0,9,45,Bourgoin,France,62575,France métropolitaine
Richard Castel,1996,Flanker,15,7,8,0,2,10,Vendres,France,34350,France métropolitaine
Sylvain Dispagne,1996,No. 8,2,1,1,0,0,0,Saint-Girons,France,09200,France métropolitaine
Raphael Ibanez,1996,Hooker,98,63,34,1,8,40,Dax,France,40100,France métropolitaine
Herve Guiraud,1996,Hooker,1,1,0,0,0,0,Castelnaudary,France,11400,France métropolitaine
Thierry Labrousse,1996,Back-row,2,1,1,0,2,10,Perigueux,France,24000,France métropolitaine
Hugues Miorin,1996,Lock,9,7,2,0,0,0,Fumel,France,47500,France métropolitaine
Christophe Moni,1996,Flanker,8,4,4,0,1,5,Nice,France,06000;06100;06200;06300,France métropolitaine
David Venditti,1996,Wing,14,9,5,0,6,30,Bellegarde,France,30127,France métropolitaine
Jean-Louis Jordana,1996,Prop,7,7,0,0,0,0,Lavelanet,France,09300,France métropolitaine
Thomas Lievremont,1996,No. 8,35,27,8,0,6,30,Perpignan,France,66000;66100,France métropolitaine
Guillaume Bouic,1996,Centre,1,0,1,0,0,0,Agen,France,47000,France métropolitaine
Christophe Lamaison,1996,"Centre, Fly-half",37,23,14,0,2,380,Dax,France,40100,France métropolitaine
Laurent Leflamand,1996,Wing,8,5,3,0,5,25,Cherbourg,France,50100;50130,France métropolitaine
Jean-Jacques Crenca,1996,Prop,39,27,11,1,4,20,Marmande,France,47200,France métropolitaine
David Aucagne,1997,Fly-half,15,9,6,0,1,38,Vichy,France,03200,France métropolitaine
Olivier Magne,1997,Flanker,89,59,28,2,14,70,Aurillac,France,15000,France métropolitaine
Didier Casadei,1997,Prop,3,2,1,0,0,0,Brive,France,01470,France métropolitaine
Pierre Bondouy,1997,Fullback,5,3,2,0,2,10,Ville Lauragais,Mayotte (eaux territoriales),France,Mayotte
Ugo Mola,1997,Wing,12,8,4,0,6,30,Saint-Foy-la-Grande,France,33220,France métropolitaine
Serge Betsen Tchoua,1997,Flanker,63,43,19,1,9,45,Kumba,Cameroun,SW,Meme
David Dantiacq,1997,Centre,1,1,0,0,0,0,Paris,France,France métropolitaine,Île-de-France
Frederic Torossian,1997,Scrum-half,1,1,0,0,0,0,Auch,France,32000,France métropolitaine
David Laperne,1997,Prop,1,1,0,0,0,0,Oloron,France,64400,France métropolitaine
Jerome Cazalbou,1997,Scrum-half,4,3,1,0,0,0,Toulouse,France,31000;31100;31200;31300;31400;31500,France métropolitaine
Nicolas Bacque,1997,Flanker,1,1,0,0,0,0,Tarbes,France,65000,France métropolitaine
Cedric Soulette,1997,Prop,13,11,2,0,2,10,Beziers,France,34500,France métropolitaine
Nicolas Brusque,1997,"Fullback, Wing",27,17,8,2,7,38,Pau,France,64000,France métropolitaine
Pierre Mignoni,1997,Scrum-half,28,21,7,0,6,30,Toulon,France,83000;83100;83200,France métropolitaine
Christophe Dominici,1998,"Wing, Fullback",67,44,23,0,25,125,Toulon,France,83000;83100;83200,France métropolitaine
Thierry Cleda,1998,Lock,9,8,1,0,0,0,Soissons,France,02200,France métropolitaine
Xavier Garbajosa,1998,Centre,32,19,13,0,6,30,Toulouse,France,31000;31100;31200;31300;31400;31500,France métropolitaine
Jean-Marc Aue,1998,Centre,1,1,0,0,0,0,Carmaux,France,81400,France métropolitaine
Franck Comba,1998,Centre,13,7,6,0,2,10,Hyeres,France,83400,France métropolitaine
Arthur Gomes,1998,Fullback,6,5,1,0,1,5,Canedo Ribeira dPena,g,n,i
Stephane de Besombes,1998,Prop,2,2,0,0,0,0,Perpignan,France,66000;66100,France métropolitaine
Jimmy Marlu,1998,Wing,4,4,0,0,0,0,1977,Svizra,Svizzera,Suisse
Thomas Lombard,1998,"Centre, Wing",12,5,7,0,1,5,Le Chesnay,France,78150,France métropolitaine
Sylvain Marconnet,1998,Prop,84,49,34,1,3,15,Givors,France,69700,France métropolitaine
Marc Raynaud,1999,Back-row,2,0,2,0,0,0,Narbonne,France,11100,France métropolitaine
Pascal Giordani,1999,Centre,2,0,2,0,0,0,Belfort,France,90000,France métropolitaine
David Auradou,1999,Lock,41,24,17,0,0,0,Harfleur,France,76700,France métropolitaine
Christian Labit,1999,Back-row,17,7,10,0,0,0,Lezignan,France,65100,France métropolitaine
Christophe Laussucq,1999,Scrum-half,4,2,2,0,1,5,Bordeaux,France,33000;33100;33300;33800,France métropolitaine
Jean-Luc Aqua,1999,Flanker,3,1,2,0,0,0,Aubagne,France,13400,France métropolitaine
Guillaume Delmotte,1999,Centre,2,1,1,0,2,10,Frejus,France,83600;83370,France métropolitaine
Lionel Mallier,1999,Back-row,5,3,2,0,1,5,Grenoble,France,38000;38100,France métropolitaine
Olivier Sarramea,1999,"Fullback, Wing",4,2,2,0,2,10,Tarbes,France,65000,France métropolitaine
Gerald Merceron,1999,Fly-half,32,19,13,0,3,267,Cognac,France,16100,France métropolitaine
Eric Artiguste,1999,Centre,1,1,0,0,1,5,Lourdes,France,65100,France métropolitaine
Alexandre Chazalet,1999,Flanker,1,0,1,0,0,0,Valence,France,26000,France métropolitaine
David Gerard,1999,Lock,1,0,1,0,0,0,Toulon,France,83000;83100;83200,France métropolitaine
Stephane Castaignede,1999,Scrum-half,7,5,2,0,0,0,Mont-de-Marsan,France,40000,France métropolitaine
Pieter de Villiers,1999,Prop,69,45,22,2,2,10,Malmesbury,United Kingdom,SN16 9,England
Cedric Desbrosse,1999,Centre,2,1,1,0,0,0,Givors,France,69700,France métropolitaine
Legi Matiu,2000,Lock,2,1,1,0,0,0,Auckland,New Zealand/Aotearoa,Auckland,Missing
Sebastien Chabal,2000,No. 8,62,35,26,1,6,30,Valence,France,26000,France métropolitaine
Jean Daude,2000,Lock,1,1,0,0,0,0,Nimes,France,30000;30900,France métropolitaine
Jean-Baptiste Elissalde,2000,"Fly-half, Scrum-half",35,24,10,1,4,214,La Rochelle,France,17000,France métropolitaine
David Bory,2000,Wing,18,12,6,0,2,10,Vichy,France,03200,France métropolitaine
Franck Belot,2000,Lock,1,0,1,0,0,0,Athis-Mons,France,91200,France métropolitaine
Cedric Heymans,2000,Fullback,59,37,20,2,16,80,Brive-la-Gallarde,g,n,i
Alexandre Audebert,2000,Back-row,2,2,0,0,0,0,Suresnes,France,92150,France métropolitaine
Frederic Cermeno,2000,Utility back,1,1,0,0,0,0,Perpignan,France,66000;66100,France métropolitaine
Patrice Collazo,2000,Prop,1,1,0,0,0,0,La Seyne-sur-Mer,France,83500,France métropolitaine
Fabrice Lalanne,2000,Lock,1,1,0,0,0,0,Lagarenne,France,32340,France métropolitaine
Lionel Nallet,2000,Lock,74,49,24,1,9,45,Bourg-en-Bresse,France,01000,France métropolitaine
Jean-Marc Souverbie,2000,Fullback,1,1,0,0,1,5,Pau,France,64000,France métropolitaine
Jean-Charles Cistacq,2000,Centre,1,1,0,0,0,0,Auch,France,32000,France métropolitaine
Alessio Galasso,2000,Prop,2,1,1,0,0,0,Dakar,Senegal,Dakar,Missing
Olivier Milloud,2000,Prop,50,34,15,1,1,5,Saint-Vallier,France,26240,France métropolitaine
Fabrice Landreau,2000,Hooker,4,1,3,0,0,0,Angouleme,France,16000,France métropolitaine
Mathieu Dourthe,2000,Wing,1,1,0,0,0,0,Dax,France,40100,France métropolitaine
Sebastien Bonetti,2001,"Fullback, Centre",3,1,2,0,2,10,Bergerac,France,24100,France métropolitaine
Christophe Milheres,2001,Flanker,1,0,1,0,0,0,Saint-Saulve,France,59880,France métropolitaine
Yannick Jauzion,2001,Centre,73,46,26,1,20,103,Castres,France,81100,France métropolitaine
Nicolas Jeanjean,2001,Wing,9,5,4,0,2,10,Montpellier,France,34000;34070;34080;34090,France métropolitaine
Patrick Tabacco,2001,Back-row,18,12,6,0,1,5,Toulouse,France,31000;31100;31200;31300;31400;31500,France métropolitaine
Elvis Vermeulen,2001,No. 8,10,5,5,0,1,5,Senlis,France,60300,France métropolitaine
Jean Bouilhou,2001,Flanker,2,0,2,0,0,0,Pau,France,64000,France métropolitaine
Pepito Elhorga,2001,Fullback,18,11,7,0,3,15,Agboville,Côte d’Ivoire,Lagunes,Agnéby-Tiassa
David Skrela,2001,Fly-half,23,15,8,0,0,112,Toulouse,France,31000;31100;31200;31300;31400;31500,France métropolitaine
Francois Gelez,2001,Fly-half,8,5,2,1,0,81,Tyrosse,France,40230,France métropolitaine
Tony Marsh,2001,Centre,21,14,7,0,7,35,Auckland,New Zealand/Aotearoa,Auckland,Missing
Francis Ntamack,2001,No. 8,1,1,0,0,0,0,Lyon,France,France métropolitaine,Rhône-Alpes
Clement Poitrenaud,2001,Fullback,47,29,17,1,7,35,Castres,France,81100,France métropolitaine
Thibault Privat,2001,Lock,10,7,3,0,0,0,Nimes,France,30000;30900,France métropolitaine
Aurelien Rougerie,2001,Centre,76,48,27,1,23,115,Beaumont,United States of America,Texas,Jefferson County
Damien Traille,2001,Centre,86,55,29,2,14,128,Pau,France,64000,France métropolitaine
Frederic Michalak,2001,Fly-half,71,44,25,2,10,377,Toulouse,France,31000;31100;31200;31300;31400;31500,France métropolitaine
Yannick Bru,2001,Hooker,18,14,4,0,1,5,Auch,France,32000,France métropolitaine
Jean-Baptiste Poux,2001,"Prop, Hooker",42,25,16,1,3,15,Beziers,France,34500,France métropolitaine
Steven Hall,2002,Lock,2,2,0,0,0,0,Johannesburg,South Africa,2001,Gauteng
Alexandre Albouy,2002,Scrum-half,1,1,0,0,0,0,Castres,France,81100,France métropolitaine
Imanol Harinordoquy,2002,No. 8,82,52,28,2,13,65,Bayonne,France,64100,France métropolitaine
Sebastien Bruno,2002,Hooker,26,14,11,1,4,20,Nimes,France,30000;30900,France métropolitaine
Remy Martin,2002,Lock,23,13,9,1,3,15,Aubenas,France,07200,France métropolitaine
Christophe Porcu,2002,Lock,3,0,3,0,0,0,Mauvezin,France,France métropolitaine,Pays de la Loire
Arnaud Martinez,2002,Prop,2,1,1,0,0,0,Narbonne,France,11100,France métropolitaine
Vincent Clerc,2002,Wing,67,42,22,3,34,170,Echirolles,France,38130,France métropolitaine
Jean-Baptiste Rue,2002,Hooker,8,5,3,0,0,0,Nanterre,France,92000,France métropolitaine
Dimitri Yachvili,2002,Scrum-half,61,37,23,1,2,373,Brive-la-Gallarde,g,n,i
Jerome Thion,2003,Lock,54,36,18,0,1,5,Senlis,France,60300,France métropolitaine
Nicolas Mas,2003,Prop,78,44,32,2,0,0,Perpignan,France,66000;66100,France métropolitaine
Brian Liebenberg,2003,Centre,12,9,3,0,5,25,Benoni,South Africa,Gauteng,Ekurhuleni Metropolitan Municipality
Pascal Pape,2004,Lock,59,34,23,2,4,20,Lyon,France,France métropolitaine,Rhône-Alpes
William Servat,2004,Hooker,49,31,16,2,2,10,Saint-Gaudens,France,31800,France métropolitaine
Julien Peyrelongue,2004,Fly-half,6,4,2,0,0,3,Bayonne,France,64100,France métropolitaine
Julien Bonnaire,2004,Flanker,75,49,24,2,6,30,Bourgoin,France,62575,France métropolitaine
Mathieu Barrau,2004,Scrum-half,3,2,1,0,1,5,Beaumont,United States of America,Texas,Jefferson County
David Couzinet,2004,Lock,3,2,1,0,0,0,Toulouse,France,31000;31100;31200;31300;31400;31500,France métropolitaine
Yannick Nyanga Kabasele,2004,Back-row,40,26,12,2,5,25,Zaire,République démocratique du Congo,Missing,Missing
Alexandre Peclier,2004,Fullback,2,2,0,0,0,33,Villefranche,France,France métropolitaine,Centre-Val de Loire
Ludovic Valbon,2004,"Wing, Centre",5,3,2,0,1,5,Neuilly-sur-Seine,France,92200,France métropolitaine
Romain Froment,2004,Back-row,1,1,0,0,0,0,Clamart,France,92140,France métropolitaine
Pierre Rabadan,2004,Flanker,2,2,0,0,0,0,Aix-en-Province,g,n,i
Philippe Bidabe,2004,Wing,2,2,0,0,0,0,Bayonne,France,64100,France métropolitaine
Bernard Goutta,2004,Flanker,1,1,0,0,1,5,Perpignan,France,66000;66100,France métropolitaine
Ludovic Loustau,2004,Scrum-half,1,1,0,0,0,0,Talence,France,33400,France métropolitaine
Dimitri Szarzewski,2004,Hooker,79,46,32,1,7,35,Beziers,France,34500,France métropolitaine
Gregory Lamboley,2005,Back-row,14,9,4,1,1,5,Paris,France,France métropolitaine,Île-de-France
Jean-Philippe Grandclaude,2005,Centre,3,1,2,0,0,0,Frejus,France,83600;83370,France métropolitaine
Julien Laharrague,2005,Fullback,12,7,4,1,4,20,Tarbes,France,65000,France métropolitaine
Benoit Baby,2005,Centre,9,5,4,0,1,8,Lavelanet,France,09300,France métropolitaine
David Marty,2005,Centre,37,30,7,0,11,55,Perpignan,France,66000;66100,France métropolitaine
Julien Candelon,2005,Wing,2,0,1,1,2,10,Agen,France,47000,France métropolitaine
Florian Fritz,2005,Centre,34,14,18,2,3,24,Burgundy,France,France métropolitaine,Bourgogne
Romain Millo-Chluski,2005,Lock,18,10,7,1,0,0,Ris-Orangis,France,91130,France métropolitaine
Denis Avril,2005,Prop,1,0,1,0,0,0,Thouars,France,79100,France métropolitaine
Guilliaume Bousses,2006,Centre,1,0,1,0,0,0,Toulouse,France,31000;31100;31200;31300;31400;31500,France métropolitaine
Benjamin Boyet,2006,Fly-half,5,1,4,0,0,11,Vienne,Österreich,Wien,Missing
David Attoub,2006,Prop,4,2,2,0,0,0,Valence,France,26000,France métropolitaine
Thierry Dusautoir,2006,Back-row,75,38,35,2,6,30,Ivory Coas,g,n,i
Vincent Debaty,2006,Prop,29,11,16,2,1,5,Woluwe-Saint-Lambert,België - Belgique - Belgien,1200,Région de Bruxelles-Capitale - Brussels Hoofdstedelijk Gewest
Loic Jacquet,2006,Lock,4,3,1,0,0,0,Saint-Doulchard,France,18230,France métropolitaine
Lionel Beauxis,2007,Fly-half,20,12,7,1,1,125,Tarbes,France,65000,France métropolitaine
Benoit August,2007,Hooker,1,1,0,0,0,0,Mont-de-Marsan,France,40000,France métropolitaine
Jean-Francois Coux,2007,Wing,2,0,2,0,1,5,Grenoble,France,38000;38100,France métropolitaine
Nicolas Durand,2007,Scrum-half,2,0,2,0,0,0,Toulouse,France,31000;31100;31200;31300;31400;31500,France métropolitaine
Gregory le Corvec,2007,Back-row,1,0,1,0,0,0,Toulon,France,83000;83100;83200,France métropolitaine
Arnaud Mignardi,2007,Centre,2,0,2,0,0,0,Auch,France,32000,France métropolitaine
Julien Pierre,2007,Lock,27,16,11,0,1,5,Rodez,France,12000,France métropolitaine
Benjamin Thiery,2007,Fullback,4,0,4,0,0,0,Reims,France,51100,France métropolitaine
Damien Chouly,2007,No. 8,29,11,18,0,1,5,Limoges,France,87000;87100;87280,France métropolitaine
Mickael Forest,2007,Scrum-half,2,0,2,0,0,0,Chambery,France,73000,France métropolitaine
Nicolas Laharrague,2007,Fly-half,2,0,2,0,0,0,Tarbes,France,65000,France métropolitaine
Franck Montanella,2007,Prop,1,0,1,0,0,0,Cannes,France,06400;06150,France métropolitaine
Olivier Olibeau,2007,Lock,2,0,2,0,0,0,Perpignan,France,66000;66100,France métropolitaine
Lionel Mazars,2007,Centre,2,0,2,0,0,0,Toulouse,France,31000;31100;31200;31300;31400;31500,France métropolitaine
Olivier Sourgens,2007,Prop,1,0,1,0,0,0,Cenon,France,33150,France métropolitaine
Fulgence Ouedraogo,2007,Flanker,36,19,17,0,1,5,Ouagadougou,Burkina Faso,Centre,Kadiogo
Julien Brugnaut,2008,Prop,2,2,0,0,0,0,Lille,France,59000;59800,France métropolitaine
Lionel Faure,2008,Prop,8,3,5,0,0,0,Montauban,France,82000,France métropolitaine
Julien Malzieu,2008,Wing,20,13,6,1,5,25,Le Puy-en-Velay,France,43000,France métropolitaine
Francois Trinh-Duc,2008,Fly-half,49,28,20,1,9,70,Herault,France,France métropolitaine,Languedoc-Roussillon
Arnaud Mela,2008,Lock,4,3,1,0,0,0,Saint-Gaudens,France,31800,France métropolitaine
Morgan Parra,2008,Scrum-half,59,33,24,2,3,325,Metz,France,57000;57050;57070,France métropolitaine
Louis Picamoles,2008,No. 8,44,20,22,2,6,30,Paris,France,France métropolitaine,Île-de-France
Anthony Floch,2008,Fullback,3,1,2,0,1,5,Clermont-Ferrand,France,63000;63100,France métropolitaine
Fabien Barcella,2008,Prop,20,12,8,0,0,0,Agen,France,47000,France métropolitaine
Yann David,2008,Centre,4,3,1,0,0,0,Bourgoin,France,62575,France métropolitaine
Ibrahim Diarra,2008,Flanker,1,1,0,0,0,0,Savignu-sur-Orge,g,n,i
Guilhem Guirado,2008,Hooker,31,15,15,1,1,5,Ceret,France,66400,France métropolitaine
Julien Tomas,2008,Scrum-half,3,2,1,0,0,0,Montpellier,France,34000;34070;34080;34090,France métropolitaine
Benoit Lecouls,2008,Prop,6,2,4,0,0,0,Agen,France,47000,France métropolitaine
Alexis Palisson,2008,Wing,21,13,8,0,2,10,Montauban,France,82000,France métropolitaine
Renaud Boyoud,2008,Prop,3,1,2,0,0,0,Grenoble,France,38000;38100,France métropolitaine
David Janin,2008,Centre,2,0,2,0,0,0,Tremblay-les-Gonesse,g,n,i
Benjamin Kayser,2008,Hooker,32,15,16,1,2,10,Paris,France,France métropolitaine,Île-de-France
Thibault Lacroix,2008,Centre,2,0,2,0,0,0,Niort,France,79000,France métropolitaine
Matthieu Lievremont,2008,Back-row,2,0,2,0,0,0,Perpignan,France,66000;66100,France métropolitaine
Sebastien Tillous-Borde,2008,Scrum-half,14,6,8,0,3,15,Oloron-Sainte-Marie,France,64400,France métropolitaine
Pierre Correia,2008,Prop,1,0,1,0,0,0,Talence,France,33400,France métropolitaine
Maxime Mermoz,2008,Centre,30,14,16,0,3,15,Epinal,France,88000,France métropolitaine
Yannick Caballero,2008,Flanker,1,0,1,0,0,0,Castres,France,81100,France métropolitaine
Jean-Baptiste Peyras-Loustalet,2008,Fullback,1,0,1,0,0,0,Pau,France,64000,France métropolitaine
Maxime Medard,2008,Wing,41,24,16,1,11,58,Toulouse,France,31000;31100;31200;31300;31400;31500,France métropolitaine
Mathieu Bastareaud,2009,Centre,33,17,15,1,3,15,Creteil,France,94000,France métropolitaine
Thomas Domingo,2009,Prop,36,20,15,1,1,5,Tulle,France,19000,France métropolitaine
Julien Dupuy,2009,Scrum-half,8,4,4,0,0,38,Perigueux,France,24000,France métropolitaine
Julien Puricelli,2009,Flanker,4,2,2,0,0,0,Grenoble,France,38000;38100,France métropolitaine
Julien Arias,2009,Wing,2,1,1,0,0,0,Marseille,France,France métropolitaine,Provence-Alpes-Côte d'Azur
Benjamin Fall,2009,Wing,6,3,3,0,3,15,Langon,France,33210,France métropolitaine
Alexandre Lapandry,2009,Flanker,10,8,2,0,2,10,Paray-le-Monial,France,71600,France métropolitaine
Luc Ducalcon,2010,Prop,17,8,9,0,0,0,La Fere,France,02800,France métropolitaine
Marc Andreu,2010,Wing,7,4,3,0,2,10,Frejus,France,83600;83370,France métropolitaine
Wenceslas Lauret,2010,Flanker,7,1,6,0,0,0,Tarbes,France,65000,France métropolitaine
Jerome Porical,2010,Fullback,4,2,2,0,0,3,Perpignan,France,66000;66100,France métropolitaine
Fabrice Estebanez,2010,Centre,8,5,3,0,0,0,Carcassonne,France,11000,France métropolitaine
Jerome Schuster,2010,Prop,2,1,1,0,0,0,Perpignan,France,66000;66100,France métropolitaine
Benjamin Noirot,2010,Hooker,1,1,0,0,0,0,Dijon,France,21000,France métropolitaine
Yoann Huget,2010,Wing,38,16,21,1,6,30,Pamiers,France,09100,France métropolitaine
Raphael Lakafia,2011,No. 8,3,2,1,0,0,0,Tours,France,37000;37100;37200,France métropolitaine
Jean-Marc Doussain,2011,Scrum-half,10,3,7,0,0,36,Toulouse,France,31000;31100;31200;31300;31400;31500,France métropolitaine
Wesley Fofana,2012,Centre,33,13,18,2,11,55,Paris,France,France métropolitaine,Île-de-France
Yoann Maestri,2012,Lock,36,14,20,2,1,5,Hyeres,France,83400,France métropolitaine
Jean-Marcelin Buttin,2012,Fullback,2,0,2,0,0,0,Colmar,France,68000,France métropolitaine
Brice Dulin,2012,Fullback,19,8,11,0,4,23,Lot-et-Garonne,France,France métropolitaine,Aquitaine
Yvan Watremez,2012,Prop,1,0,1,0,0,0,Foix,France,09000,France métropolitaine
Romain Taofifenua,2012,Lock,8,2,6,0,1,5,Mont-de-Marsan,France,40000,France métropolitaine
Christopher Tolofua,2012,Hooker,4,1,3,0,0,0,Frejus,France,83600;83370,France métropolitaine
Maxime Machenaud,2012,Scrum-half,18,8,10,0,1,43,Bordeaux,France,33000;33100;33300;33800,France métropolitaine
Christophe Samson,2012,Lock,5,2,2,1,0,0,Clermont-Ferrand,France,63000;63100,France métropolitaine
Yannick Forestier,2012,Prop,11,6,5,0,0,0,Narbonne,France,11100,France métropolitaine
Jocelino Suta,2012,Lock,6,3,3,0,0,0,Port Vila,Vanuatu,Shefa,Port Vila
Sebastien Vahaamahina,2012,Lock,15,5,9,1,0,0,New Caledo,España,CAT,Lleida
Antonie Claassen,2013,No. 8,6,2,3,1,0,0,Durban,South Africa,KwaZulu-Natal,eThekwini Metropolitan Municipality
Gael Fickou,2013,Centre,11,6,5,0,1,5,La Seyne-sur-Mer,France,83500,France métropolitaine
Camille Lopez,2013,Fly-half,9,4,5,0,0,72,Oloron-Sainte-Marie,France,64400,France métropolitaine
Adrien Plante,2013,Wing,2,0,2,0,0,0,Longjumeau,France,91160,France métropolitaine
Alexandre Flanquart,2013,Lock,12,5,7,0,0,0,Cambrai,France,59400,France métropolitaine
Dan Kotze,2013,Prop,1,0,1,0,0,0,Frankfort,United States of America,Kentucky,Franklin County
Bernard le Roux,2013,Flanker,16,7,9,0,0,0,Moorreesburg,South Africa,Western Cape,West Coast District Municipality
Remi Tales,2013,Fly-half,16,4,12,0,0,0,Mont-de-Marsan,France,40000,France métropolitaine
Eddy Ben Arous,2013,Prop,5,2,3,0,0,0,Trappes,France,78190,France métropolitaine
Rabah Slimani,2013,Prop,15,6,9,0,0,0,Sarcelles,France,95200,France métropolitaine
Sofiane Guitoune,2013,Fullback,3,1,2,0,1,5,Algiers,Algérie الجزائر,Missing,Missing
Jonathan Pelissie,2013,Scrum-half,1,1,0,0,0,0,Aubergenville,France,78410,France métropolitaine
Jules Plisson,2014,Fly-half,6,4,2,0,0,20,Neuilly-sur-Seine,France,92200,France métropolitaine
Antoine Burban,2014,Flanker,3,1,2,0,0,0,Neuilly-sur-Seine,France,92200,France métropolitaine
Hugo Bonneval,2014,Fullback,4,1,3,0,1,5,Toulouse,France,31000;31100;31200;31300;31400;31500,France métropolitaine
Brice Mach,2014,Hooker,3,1,2,0,0,0,Perpignan,France,66000;66100,France métropolitaine
Felix le Bourhis,2014,Centre,1,0,1,0,0,0,Pithiviers,France,45300,France métropolitaine
Remi Lamerat,2014,Centre,6,1,5,0,0,0,Sainte-Foy-la-Grande,France,33220,France métropolitaine
Alexandre Menini,2014,Prop,6,3,3,0,0,0,Basse-Ham,France,57970,France métropolitaine
Alexandre Dumoulin,2014,Centre,2,2,0,0,0,0,Bourgoin,France,62575,France métropolitaine
Scott Spedding,2014,Fullback,7,4,3,0,0,3,Krugersdorp,South Africa,Gauteng,West Rand District Municipality
Teddy Thomas,2014,Wing,4,3,1,0,4,20,Biarritz,France,64200,France métropolitaine
Uini Atonio,2014,Prop,7,3,4,0,0,0,Timaru,New Zealand/Aotearoa,Canterbury,Timaru District
Xavier Chiocci,2014,Prop,3,2,1,0,0,0,Toulon,France,83000;83100;83200,France métropolitaine
Rory Kockott,2014,Scrum-half,7,4,3,0,0,11,East London,South Africa,Eastern Cape,Buffalo City Metropolitan Municipality
Charles Ollivon,2014,Flanker,2,1,1,0,0,0,Saint-Pee-sur-Nivell,g,n,i
Loann Goujon,2015,No. 8,5,2,3,0,0,0,Combronde,France,63460,France métropolitaine
Noa Nakaitaci,2015,Wing,2,1,1,0,1,5,Naluwai,g,n,i
