Opai Asher,95,1903,Wing,1,1,0,0,1,3,Tauranga,New Zealand/Aotearoa,Bay of Plenty,Tauranga City,Tauranga,NewZealandReuben Cooke,96,1903,Lock,1,1,0,0,0,0,?,g,n,i,s,NewZealandJimmy Duncan,69,1903,Fly-half,1,1,0,0,0,0,Dunedin,New Zealand/Aotearoa,Otago,Dunedin City,Dunedin,NewZealandBernard Fanning,108,1903,Lock,2,2,0,0,0,0,Christchurch,New Zealand/Aotearoa,Canterbury,Christchurch City,Christchurch,NewZealandDavid Gallaher,97,1903,Wing-forward,6,5,1,0,0,0,Ramelton,Republic of Ireland,County Donegal,Ramelton,Missing,NewZealandMickey Kiernan,99,1903,Scrum-half,1,1,0,0,0,0,Wanganui,New Zealand/Aotearoa,Manawatu-Wanganui,Wanganui District,Whanganui,NewZealandPaddy Long,100,1903,Lock,1,1,0,0,0,0,Auckland,New Zealand/Aotearoa,Auckland,Missing,Missing,NewZealandDuncan McGregor,101,1903,Wing,4,3,1,0,6,18,Kaiapoi,New Zealand/Aotearoa,Canterbury,Waimakariri District,Kaiapoi,NewZealandDick McGregor,,1903,Fullback,2,2,0,0,1,3,Thames,New Zealand/Aotearoa,Waikato,Thames Coromandel District,Thames,NewZealandArchibald McMinn,102,1903,Flanker,2,2,0,0,2,6,Marton,United Kingdom,England,North West England,Cheshire East,NewZealandGeorge Nicholson,103,1903,Lock,4,3,0,1,0,0,Auckland,New Zealand/Aotearoa,Auckland,Missing,Missing,NewZealandBubs Tyler,106,1903,Prop,7,6,1,0,1,5,Auckland,New Zealand/Aotearoa,Auckland,Missing,Missing,NewZealandDaniel Udy,90,1903,Prop,1,1,0,0,0,0,Greytown,New Zealand/Aotearoa,Wellington,South Wairarapa District,Greytown,NewZealandCarbine Wallace,,1903,Wing,11,8,1,2,5,53,Wellington,New Zealand/Aotearoa,Wellington,Wellington City,Wellington,NewZealandMaurice Wood,91,1903,Five-eighth,2,2,0,0,0,0,Waipawa,New Zealand/Aotearoa,Wellington,South Wairarapa District,Waipawa,NewZealandAngry Cross,92,1904,Lock,2,2,0,0,1,3,Dunedin,New Zealand/Aotearoa,Otago,Dunedin City,Dunedin,NewZealandBilly Glenn,111,1904,Flanker,2,2,0,0,0,0,Greymouth,New Zealand/Aotearoa,West Coast,Grey District,Greymouth,NewZealandEric Harper,112,1904,Centre,2,2,0,0,2,6,Christchurch,New Zealand/Aotearoa,Canterbury,Christchurch City,Christchurch,NewZealandPeter Harvey,,1904,Scrum-half,1,1,0,0,0,0,S Rakaia,New Zealand/Aotearoa,Canterbury,Ashburton District,Rakaia River,NewZealandPaddy McMinn,,1904,Prop,1,1,0,0,0,0,Turkina,____‹Å‹Å_Ù‹è,614056,_™‹—_Ù________‹Å___Ù__ ‹Ü_µ_‚_µ‹—_ç__‹‘__‹ __ ____‹—‹Û__,_™_µ‹—__‹Å___Ù__ __‹—_ç__,NewZealandBronco Seeling,115,1904,Flanker,11,9,1,1,2,6,Wanganui,New Zealand/Aotearoa,Manawatu-Wanganui,Wanganui District,Whanganui,NewZealandBilly Stead,105,1904,Fly-half,7,7,0,0,0,0,Invercargill,New Zealand/Aotearoa,Southland,Invercargill City,Invercargill,NewZealandRobert Bennet,,1905,Centre,1,1,0,0,0,0,Caversham,United Kingdom,England,South East,Reading,NewZealandJerry Burgess,,1905,Scrum-half,1,1,0,0,0,0,Invercargill,New Zealand/Aotearoa,Southland,Invercargill City,Invercargill,NewZealandErnie Dodd,83,1905,Prop,1,1,0,0,0,0,Wellington,New Zealand/Aotearoa,Wellington,Wellington City,Wellington,NewZealandBolla Francis,,1905,Lock,10,7,1,2,3,16,Wanganui,New Zealand/Aotearoa,Manawatu-Wanganui,Wanganui District,Whanganui,NewZealandColin Gilray,135,1905,Wing,5,3,2,0,1,3,Broughty Ferry,United Kingdom,Scotland,Dundee City,Dundee,NewZealandDonald Macpherson,136,1905,Wing,3,2,1,0,1,3,Waimate,New Zealand/Aotearoa,Canterbury,Waimate District,Waimate,NewZealandCharles Purdue,89,1905,Flanker,1,1,0,0,0,0,Mataura,New Zealand/Aotearoa,Southland,Gore District,Mataura,NewZealandPat Purdue,,1905,Lock,1,1,0,0,0,0,Dipton,New Zealand/Aotearoa,Southland,Dipton,Missing,NewZealandWilliam Smith,138,1905,Fly-half,1,1,0,0,0,0,Wellington,New Zealand/Aotearoa,Wellington,Wellington City,Wellington,NewZealandJohn Spencer,110,1905,Lock,2,2,0,0,0,0,Wellington,New Zealand/Aotearoa,Wellington,Wellington City,Wellington,NewZealandHubert Turtill,139,1905,Fullback,1,1,0,0,0,0,London,United Kingdom,England,Greater London,London,NewZealandEric Watkins,140,1905,Prop,1,1,0,0,0,0,Akaroa,New Zealand/Aotearoa,Canterbury,Christchurch City,Akaroa,NewZealandEdgar Wrigley,141,1905,Five-eighth,1,1,0,0,1,3,Masterton,New Zealand/Aotearoa,Wellington,Masterton District,Masterton,NewZealandSteve Casey,,1905,Prop,8,6,1,1,0,0,Dunedin,New Zealand/Aotearoa,Otago,Dunedin City,Dunedin,NewZealandBill Cunningham,82,1905,Lock,9,7,0,2,1,3,Rangiaohia,g,n,i,s,NewZealandBob Deans,,1905,Centre,5,4,1,0,3,9,Christchurch,New Zealand/Aotearoa,Canterbury,Christchurch City,Christchurch,NewZealandGeorge Gillett,,1905,Wing-forward,8,6,1,1,1,7,Leeston,New Zealand/Aotearoa,Canterbury,Selwyn District,Leeston,NewZealandFrancis Glasgow,117,1905,Lock,6,5,1,0,3,9,S Dunedin,New Zealand/Aotearoa,9012,Otago,Dunedin City,NewZealandJimmy Hunter,118,1905,Five-eighth,11,8,1,2,4,12,Hawera,New Zealand/Aotearoa,Taranaki,South Taranaki District,Hawera,NewZealandAlexander McDonald,,1905,Flanker,8,7,1,0,3,11,Dunedin,New Zealand/Aotearoa,Otago,Dunedin City,Dunedin,NewZealandJames O'Sullivan,,1905,Lock,5,3,1,1,0,0,Okaiawa,New Zealand/Aotearoa,Taranaki,South Taranaki District,Okaiawa,NewZealandFrederick Roberts,,1905,Scrum-half,12,9,2,1,2,11,Wellington,New Zealand/Aotearoa,Wellington,Wellington City,Wellington,NewZealandGeorge Smith,74,1905,Wing,2,2,0,0,2,6,Auckland,New Zealand/Aotearoa,Auckland,Missing,Missing,NewZealandSimon Mynott,,1905,Fly-half,8,6,1,1,0,0,Auckland,New Zealand/Aotearoa,Auckland,Missing,Missing,NewZealandFrederick Newton,121,1905,Lock,3,2,1,0,1,3,Christchurch,New Zealand/Aotearoa,Canterbury,Christchurch City,Christchurch,NewZealandBunny Abbott,,1906,Wing,1,1,0,0,2,8,Camerontown,United States of America,South Carolina,Florence County,Lee Crossroads,NewZealandErnest Booth,127,1906,Fullback,3,2,0,1,0,0,Teschemakers,New Zealand/Aotearoa,Otago,Waitaki District,Reidston,NewZealandBill Mackrell,131,1906,Prop,1,1,0,0,0,0,Milton,United States of America,Massachusetts,Norfolk County,Milton,NewZealandGinger Colman,142,1907,Fullback,4,4,0,0,0,2,Hawera,New Zealand/Aotearoa,Taranaki,South Taranaki District,Hawera,NewZealandFrank Fryer,143,1907,Wing,4,2,0,2,0,0,Riccarton,New Zealand/Aotearoa,Canterbury,Christchurch City,Christchurch,NewZealandNed Hughes,144,1907,Prop,6,4,1,1,1,3,Invercargill,New Zealand/Aotearoa,Southland,Invercargill City,Invercargill,NewZealandMassa Johnston,,1907,Lock,3,2,0,1,0,0,Dunedin,New Zealand/Aotearoa,Otago,Dunedin City,Dunedin,NewZealandFrank Mitchinson,145,1907,Centre,11,8,1,2,10,32,Lawrence,United States of America,Kansas,Douglas County,Lawrence,NewZealandDon Cameron,,1908,Wing,3,2,0,1,1,3,Waitara,New Zealand/Aotearoa,Taranaki,New Plymouth District,Waitara,NewZealandMona Thomson,,1908,Wing,1,1,0,0,1,3,Napier,New Zealand/Aotearoa,Hawke's Bay,Napier City,Napier,NewZealandRanji Wilson,,1908,Flanker,10,7,2,1,2,6,Christchurch,New Zealand/Aotearoa,Canterbury,Christchurch City,Christchurch,NewZealandPaddy Burns,,1908,Centre,5,2,2,1,2,6,Lyttelton,New Zealand/Aotearoa,Canterbury,Christchurch City,Christchurch,NewZealandDoddy Gray,,1908,Fly-half,3,2,0,1,3,9,?,g,n,i,s,NewZealandDonald Hamilton,,1908,Wing-forward,1,0,0,1,0,0,Invercargill,New Zealand/Aotearoa,Southland,Invercargill City,Invercargill,NewZealandPeter Murray,,1908,Prop,1,0,0,1,0,0,Southern Grove,United Kingdom,E3 4PN,England,Greater London,NewZealandSandy Paterson,156,1908,Lock,5,3,1,1,1,3,Dunedin,New Zealand/Aotearoa,Otago,Dunedin City,Dunedin,NewZealandWilliam Reedy,157,1908,Prop,2,1,0,1,0,0,Buller,United States of America,Louisiana,Jefferson Davis,Buller,NewZealandCircus Hayward,158,1908,Flanker,1,1,0,0,1,3,Blenheim,New Zealand/Aotearoa,Marlborough,Blenheim,Missing,NewZealandHenry Avery,,1910,Wing-forward,3,2,1,0,0,0,Wellington,New Zealand/Aotearoa,Wellington,Wellington City,Wellington,NewZealandWilliam Fuller,162,1910,Five-eighth,2,1,1,0,1,3,Christchurch,New Zealand/Aotearoa,Canterbury,Christchurch City,Christchurch,NewZealandGerald McKellar,167,1910,Flanker,3,2,1,0,0,0,Cromwell,United States of America,89109,Nevada,Clark County,NewZealandJames Maguire,168,1910,Prop,3,2,1,0,0,0,Auckland,New Zealand/Aotearoa,Auckland,Missing,Missing,NewZealandJoe O'Leary,163,1910,Fullback,4,3,1,0,0,16,Masterton,New Zealand/Aotearoa,Wellington,Masterton District,Masterton,NewZealandHenry Paton,148,1910,Lock,2,2,0,0,1,3,Dunedin,New Zealand/Aotearoa,Otago,Dunedin City,Dunedin,NewZealandAlexander Ridland,,1910,Prop,3,2,1,0,0,0,Invercargill,New Zealand/Aotearoa,Southland,Invercargill City,Invercargill,NewZealandJack Stohr,,1910,Wing,3,2,1,0,2,6,New Plymouth,New Zealand/Aotearoa,Taranaki,New Plymouth District,New Plymouth,NewZealandDave Evans,,1910,Lock,1,0,1,0,0,0,Napier,New Zealand/Aotearoa,Hawke's Bay,Napier City,Napier,NewZealandBilly Mitchell,,1910,Wing,2,1,1,0,1,3,VIC,Australia,Victoria,Missing,Missing,NewZealandJames Ryan,,1910,Five-eighth,4,3,1,0,0,0,Masterton,New Zealand/Aotearoa,Wellington,Masterton District,Masterton,NewZealandHarry Atkinson,,1913,Lock,1,1,0,0,0,0,Dunedin,New Zealand/Aotearoa,Otago,Dunedin City,Dunedin,NewZealandJock Cuthill,174,1913,Fullback,2,2,0,0,0,0,Inverleithen,g,n,i,s,NewZealandNorkey Dewar,175,1913,Flanker,2,2,0,0,0,0,Wellington,New Zealand/Aotearoa,Wellington,Wellington City,Wellington,NewZealandDoolan Downing,176,1913,Lock,5,5,0,0,0,0,Napier,New Zealand/Aotearoa,Hawke's Bay,Napier City,Napier,NewZealandTiger Lynch,177,1913,Wing,4,4,0,0,4,12,Milton,United States of America,Massachusetts,Norfolk County,Milton,NewZealandDougie McGregor,178,1913,Wing,2,2,0,0,1,3,Thames,New Zealand/Aotearoa,Waikato,Thames Coromandel District,Thames,NewZealandJock McKenzie,179,1913,Five-eighth,4,4,0,0,5,15,Lyttelton,New Zealand/Aotearoa,Canterbury,Christchurch City,Christchurch,NewZealandToby Murray,180,1913,Wing-forward,4,4,0,0,3,9,Christchurch,New Zealand/Aotearoa,Canterbury,Christchurch City,Christchurch,NewZealandDick Roberts,181,1913,Centre,5,5,0,0,7,29,Manaia,New Zealand/Aotearoa,Taranaki,South Taranaki District,Manaia,NewZealandGeorge Sellars,182,1913,Prop,2,2,0,0,0,0,Auckland,New Zealand/Aotearoa,Auckland,Missing,Missing,NewZealandHarry Taylor,183,1913,Wing,5,5,0,0,4,12,Christchurch,New Zealand/Aotearoa,Canterbury,Christchurch City,Christchurch,NewZealandPeter Williams,184,1913,Prop,1,1,0,0,0,0,Dunedin,New Zealand/Aotearoa,Otago,Dunedin City,Dunedin,NewZealandJim Wylie,185,1913,Lock,2,2,0,0,1,3,Galatea,United States of America,Ohio,Wood County,Galatea,NewZealandJames Baird,190,1913,Centre,1,1,0,0,0,0,Dunedin,New Zealand/Aotearoa,Otago,Dunedin City,Dunedin,NewZealandBuster Barrett,191,1913,Flanker,2,1,1,0,0,0,Auckland,New Zealand/Aotearoa,Auckland,Missing,Missing,NewZealandCharles Brown,192,1913,Scrum-half,2,1,1,0,1,3,New Plymouth,New Zealand/Aotearoa,Taranaki,New Plymouth District,New Plymouth,NewZealandWilliam Cummings,193,1913,Lock,2,1,1,0,1,3,Timaru,New Zealand/Aotearoa,Canterbury,Timaru District,Timaru,NewZealandWilliam Francis,194,1913,Prop,5,4,1,0,2,6,New Plymouth,New Zealand/Aotearoa,Taranaki,New Plymouth District,New Plymouth,NewZealandWilliam Geddes,195,1913,Fly-half,1,1,0,0,0,0,Auckland,New Zealand/Aotearoa,Auckland,Missing,Missing,NewZealandCharles Gillespie,196,1913,Lock,1,1,0,0,0,0,Masterton,New Zealand/Aotearoa,Wellington,Masterton District,Masterton,NewZealandEdward Hasell,197,1913,Prop,2,1,1,0,1,3,Christchurch,New Zealand/Aotearoa,Canterbury,Christchurch City,Christchurch,NewZealandJohn Macky,198,1913,Wing,1,1,0,0,0,0,Auckland,New Zealand/Aotearoa,Auckland,Missing,Missing,NewZealandJames McNeece,199,1913,Lock,5,4,1,0,1,3,Invercargill,New Zealand/Aotearoa,Southland,Invercargill City,Invercargill,NewZealandAugustine Spillane,200,1913,Five-eighth,2,1,1,0,0,0,Geraldine,New Zealand/Aotearoa,Canterbury,Timaru District,Geraldine,NewZealandJames Stewart,201,1913,Wing,2,1,1,0,0,0,Kaiapoi,New Zealand/Aotearoa,Canterbury,Waimakariri District,Kaiapoi,NewZealandReginald Taylor,202,1913,Wing-forward,2,1,1,0,1,3,Taranak,g,n,i,s,NewZealandEric Cockroft,203,1913,Fullback,3,2,1,0,0,0,Clinton,United States of America,Illinois,Clinton County,Missing,NewZealandAlfred Fanning,204,1913,Lock,1,0,1,0,1,3,Linwood,United States of America,penna,Delaware County,Linwood,NewZealandJames Tilyard,205,1913,Fly-half,1,0,1,0,0,0,Waratah,Australia,Tasmania,Waratah,Missing,NewZealandMichael Cain,187,1913,Prop,4,4,0,0,0,0,Waitara,New Zealand/Aotearoa,Taranaki,New Plymouth District,Waitara,NewZealandJames Graham,189,1913,Lock,3,3,0,0,0,10,Dunedin,New Zealand/Aotearoa,Otago,Dunedin City,Dunedin,NewZealandRobert Black,211,1914,Fly-half,1,1,0,0,0,0,Arrowtown,New Zealand/Aotearoa,Otago,Queenstown-Lakes District,Arrowtown,NewZealandJohn Bruce,186,1914,Flanker,2,2,0,0,0,0,Wellington,New Zealand/Aotearoa,Wellington,Wellington City,Wellington,NewZealandSal Irvine,208,1914,Lock,3,3,0,0,0,0,Dunedin,New Zealand/Aotearoa,Otago,Dunedin City,Dunedin,NewZealandJohn O'Brien,210,1914,Fullback,1,1,0,0,0,0,Wellington,New Zealand/Aotearoa,Wellington,Wellington City,Wellington,NewZealandTeddy Roberts,207,1914,Scrum-half,5,3,1,1,0,4,Wellington,New Zealand/Aotearoa,Wellington,Wellington City,Wellington,NewZealandGeorge Aitken,229,1921,Centre,10,8,2,0,0,0,Westport,United States of America,Connecticut,Fairfield County,Westport,NewZealandCecil Badeley,215,1921,Fly-half,2,1,1,0,0,0,Auckland,New Zealand/Aotearoa,Auckland,Missing,Missing,NewZealandMoke Belliss,226,1921,Flanker,3,1,1,1,1,3,Palmerston North,New Zealand/Aotearoa,Manawatu-Wanganui,Palmerston North City,Palmerston North,NewZealandJim Donald,218,1921,Wing-forward,2,1,1,0,0,0,Featherston,New Zealand/Aotearoa,Wellington,South Wairarapa District,Featherston,NewZealandBill Duncan,219,1921,Prop,3,1,1,1,0,0,Port Chalmers,New Zealand/Aotearoa,Otago,Dunedin City,Port Chalmers,NewZealandRichard Fogarty,230,1921,Prop,2,1,0,1,0,0,Matakanui,g,n,i,s,NewZealandNipper Kingstone,231,1921,Fullback,3,1,1,1,0,0,Auckland,New Zealand/Aotearoa,Auckland,Missing,Missing,NewZealandJim Moffitt,222,1921,Lock,3,1,1,1,0,0,Waikaia,New Zealand/Aotearoa,Southland,Waikaia,Missing,NewZealandGinger Nicholls,232,1921,Scrum-half,1,1,0,0,0,0,Wellington,New Zealand/Aotearoa,Wellington,Wellington City,Wellington,NewZealandMark Nicholls,233,1921,Five-eighth,10,8,1,1,0,48,Greytown,New Zealand/Aotearoa,Wellington,South Wairarapa District,Greytown,NewZealandJock Richardson,234,1921,Lock,7,5,1,1,1,3,Dunedin,New Zealand/Aotearoa,Otago,Dunedin City,Dunedin,NewZealandJohn Steel,223,1921,Wing,6,4,1,1,3,9,Dillmanstown,g,n,i,s,NewZealandPercival Storey,224,1921,Wing,2,1,1,0,1,3,Temuka,New Zealand/Aotearoa,Canterbury,Timaru District,Temuka,NewZealandSon White,235,1921,Flanker,4,4,0,0,1,3,Invercargill,New Zealand/Aotearoa,Southland,Invercargill City,Invercargill,NewZealandAndrew McLean,236,1921,Lock,2,0,1,1,1,3,Auckland,New Zealand/Aotearoa,Auckland,Missing,Missing,NewZealandAlfred West,225,1921,Flanker,2,0,1,1,0,0,Inglewood,United States of America,California,Los Angeles County,Inglewood,NewZealandBilly Fea,248,1921,Fly-half,1,0,0,1,0,0,Dunedin,New Zealand/Aotearoa,Otago,Dunedin City,Dunedin,NewZealandCharles Fletcher,240,1921,Flanker,1,0,0,1,0,0,Rewiti,New Zealand/Aotearoa,1050,Auckland,Orakei,NewZealandKarl Ifwersen,249,1921,Five-eighth,1,0,0,1,0,0,Auckland,New Zealand/Aotearoa,Auckland,Missing,Missing,NewZealandStanley Siddells,250,1921,Wing,1,0,0,1,0,0,Wellington,New Zealand/Aotearoa,Wellington,Wellington City,Wellington,NewZealandMaurice Brownlie,261,1924,Lock,8,6,2,0,2,6,Wanganui,New Zealand/Aotearoa,Manawatu-Wanganui,Wanganui District,Whanganui,NewZealandBert Cooke,,1924,Five-eighth,8,7,1,0,4,12,Auckland,New Zealand/Aotearoa,Auckland,Missing,Missing,NewZealandLes Cupples,252,1924,Flanker,2,2,0,0,0,0,Otautau,New Zealand/Aotearoa,Southland,Otautau,Missing,NewZealandBill Dalley,,1924,Scrum-half,5,3,2,0,0,0,Lyttelton,New Zealand/Aotearoa,Canterbury,Christchurch City,Christchurch,NewZealandQuentin Donald,,1924,Prop,4,4,0,0,0,0,Featherston,New Zealand/Aotearoa,Wellington,South Wairarapa District,Featherston,NewZealandAugustine Hart,293,1924,Wing,1,1,0,0,0,0,Auckland,New Zealand/Aotearoa,Auckland,Missing,Missing,NewZealandBull Irvine,,1924,Prop,5,4,1,0,3,9,Wairapapa,g,n,i,s,NewZealandFrederick Lucas,,1924,Centre,7,6,1,0,1,3,Auckland,New Zealand/Aotearoa,Auckland,Missing,Missing,NewZealandRead Masters,,1924,Lock,4,4,0,0,0,0,Picton,United Kingdom,England,North West England,Cheshire West and Chester,NewZealandGeorge Nepia,295,1924,Fullback,9,7,2,0,0,5,Wairoa,New Zealand/Aotearoa,Hawke's Bay,Wairoa District,Wairoa,NewZealandJames Parker,299,1924,Wing-forward,3,3,0,0,1,3,Lyttelton,New Zealand/Aotearoa,Canterbury,Christchurch City,Christchurch,NewZealandSnowy Svenson,258,1924,Wing,4,4,0,0,4,12,Toowoomba,Australia,Queensland,Toowoomba,Missing,NewZealandCyril Brownlie,291,1924,Lock,3,3,0,0,0,0,Wanganui,New Zealand/Aotearoa,Manawatu-Wanganui,Wanganui District,Whanganui,NewZealandNeil McGregor,298,1924,Fly-half,2,2,0,0,0,0,Lowburn,United Kingdom,England,Yorkshire and the Humber,North Yorkshire,NewZealandJimmy Mill,267,1924,Scrum-half,4,3,1,0,0,0,Tokomaru Bay,New Zealand/Aotearoa,Gisborne,Tokomaru Bay,Missing,NewZealandCliff Porter,286,1925,Wing-forward,7,4,3,0,4,12,Edinburgh,United Kingdom,Scotland,City of Edinburgh,Missing,NewZealandGeoff Alley,,1928,Lock,3,1,2,0,0,0,Amberley,United Kingdom,England,South East,West Sussex,NewZealandSyd Carleton,,1928,Centre,6,1,5,0,0,0,Christchurch,New Zealand/Aotearoa,Canterbury,Christchurch City,Christchurch,NewZealandBunny Finlayson,,1928,Lock,6,3,3,0,0,0,Maungaturoto,New Zealand/Aotearoa,Northland,Kaipara District,Maungaturoto,NewZealandBert Grenside,,1928,Wing,6,2,4,0,3,9,Hastings,United Kingdom,England,South East,East Sussex,NewZealandSwin Hadley,,1928,Prop,4,2,2,0,0,0,Whangaroa,New Zealand/Aotearoa,Northland,Far North District,Whangaroa,NewZealandWilliam Hazlett,,1928,Flanker,8,5,3,0,0,0,Invercargill,New Zealand/Aotearoa,Southland,Invercargill City,Invercargill,NewZealandLancelot Johnson,,1928,Fly-half,4,2,2,0,0,0,Lumsden,New Zealand/Aotearoa,Southland,Lumsden,Missing,NewZealandDavid Lindsay,,1928,Fullback,3,1,2,0,0,3,Studholm,Canada,E3B3E7,New Brunswick,York County,NewZealandAlan Robilliard,,1928,Wing,4,2,2,0,0,0,Ashburton,United Kingdom,England,South West England,Devon,NewZealandGeorge Scrimshaw,,1928,Wing-forward,1,0,1,0,0,0,Islington,United Kingdom,N1,England,Greater London,NewZealandRonald Stewart,,1928,Wing-forward,5,3,2,0,1,3,Waikaia,New Zealand/Aotearoa,Southland,Waikaia,Missing,NewZealandWilliam Strang,,1928,Fly-half,5,4,1,0,1,13,Invercargill,New Zealand/Aotearoa,Southland,Invercargill City,Invercargill,NewZealandTuna Swain,,1928,Prop,4,2,2,0,1,3,NSW,Australia,New South Wales,Missing,Missing,NewZealandReuben McWilliams,,1928,Flanker,10,5,5,0,1,3,Paeroa,New Zealand/Aotearoa,Waikato,Hauraki District,Paeroa,NewZealandHerb Lilburne,,1928,Fly-half,10,3,6,1,0,4,Burnham,United States of America,Illinois,Cook County,Burnham,NewZealandIan Harvey,,1928,Lock,1,1,0,0,0,0,Masterton,New Zealand/Aotearoa,Wellington,Masterton District,Masterton,NewZealandBeau Cottrell,,1929,Prop,11,6,5,0,0,0,Westport,United States of America,Connecticut,Fairfield County,Westport,NewZealandJohn Geddes,,1929,Wing,1,0,1,0,0,0,Invercargill,New Zealand/Aotearoa,Southland,Invercargill City,Invercargill,NewZealandBill Heke,,1929,Lock,3,0,3,0,0,0,King Country,United States of America,23011,Virginia,New Kent County,NewZealandLew Hook,,1929,Centre,3,0,3,0,0,0,Puni,Tanzania,Lake,Shinyanga,Shinyanga Rural,NewZealandCharles Oliver,,1929,Five-eighth,7,2,5,0,2,6,Wanganui,New Zealand/Aotearoa,Manawatu-Wanganui,Wanganui District,Whanganui,NewZealandKeith Reid,,1929,Prop,2,0,2,0,0,0,Clareville,United States of America,Texas,Bee County,Clareville,NewZealandWattie Reside,,1929,Lock,1,0,1,0,0,0,Masterton,New Zealand/Aotearoa,Wellington,Masterton District,Masterton,NewZealandFritz Snow,,1929,Flanker,3,0,3,0,0,0,Nelson,New Zealand/Aotearoa,Nelson,Missing,Missing,NewZealandCharles Sonntag,,1929,Lock,3,0,3,0,0,0,Dunedin,New Zealand/Aotearoa,Otago,Dunedin City,Dunedin,NewZealandJack Tuck,,1929,Scrum-half,3,0,3,0,0,0,Tikokino,New Zealand/Aotearoa,Hawke's Bay,Central Hawke's Bay District,Tikokino,NewZealandAlfred Waterman,,1929,Wing,2,0,2,0,0,0,Auckland,New Zealand/Aotearoa,Auckland,Missing,Missing,NewZealandClinton Stringfellow,,1929,Centre,2,0,2,0,1,3,Chertsey,United Kingdom,England,South East,Surrey,NewZealandAlfred Kivell,,1929,Lock,2,0,2,0,0,0,Thames,New Zealand/Aotearoa,Waikato,Thames Coromandel District,Thames,NewZealandBertram Palmer,,1929,Hooker,3,2,1,0,1,3,Mosstown,Republic of Ireland,Leinster,County Longford,Mosstown,NewZealandRawi Cundy,,1929,Wing-forward,1,0,1,0,0,3,Featherston,New Zealand/Aotearoa,Wellington,South Wairarapa District,Featherston,NewZealandTiny Leys,,1929,Scrum-half,1,0,1,0,0,0,Wellington,New Zealand/Aotearoa,Wellington,Wellington City,Wellington,NewZealandWalter Batty,,1930,Flanker,4,3,1,0,1,3,1905,Alg’©rie ¿_ªÜ¿Œ¿_¿_¿_¿±,S’©tif - ¿_¿àª_ªÅ_—_,Da’Àra Salah Bey,Boutaleb,NewZealandGeorge Hart,,1930,Wing,11,8,3,0,7,21,Christchurch,New Zealand/Aotearoa,Canterbury,Christchurch City,Christchurch,NewZealandDon Oliver,,1930,Wing,2,1,1,0,1,3,Dunedin,New Zealand/Aotearoa,Otago,Dunedin City,Dunedin,NewZealandEdward Steere,,1930,Lock,6,4,2,0,0,0,Raetihi,New Zealand/Aotearoa,Manawatu-Wanganui,Ruapehu District,Raetihi,NewZealandMerv Corner,,1930,Scrum-half,6,4,2,0,0,0,Auckland,New Zealand/Aotearoa,Auckland,Missing,Missing,NewZealandJohn Hore,,1930,Prop,10,6,3,1,3,9,Dunedin,New Zealand/Aotearoa,Otago,Dunedin City,Dunedin,NewZealandHugh McLean,,1930,Flanker,9,5,4,0,3,9,Wanganui,New Zealand/Aotearoa,Manawatu-Wanganui,Wanganui District,Whanganui,NewZealandKelly Ball,,1931,Wing,5,3,2,0,4,12,Foxton,United Kingdom,England,East of England,Cambridgeshire,NewZealandRon Bush,,1931,Fullback,1,1,0,0,0,14,Nelson,New Zealand/Aotearoa,Nelson,Missing,Missing,NewZealandTed Jessep,,1931,Prop,4,2,1,1,0,0,Leichhard,Australia,800,Northern Territory,Darwin,NewZealandDonald Max,,1931,Lock,3,1,1,1,1,3,Nelson,New Zealand/Aotearoa,Nelson,Missing,Missing,NewZealandThomas Metcalfe,,1931,No. 8,2,1,1,0,0,0,Invercargill,New Zealand/Aotearoa,Southland,Invercargill City,Invercargill,NewZealandRusty Page,,1931,Fly-half,6,3,2,1,1,3,Dunedin,New Zealand/Aotearoa,Otago,Dunedin City,Dunedin,NewZealandGeorge Purdue,,1931,Lock,4,3,1,0,1,3,Invercargill,New Zealand/Aotearoa,Southland,Invercargill City,Invercargill,NewZealandFrank Solomon,,1931,No. 8,3,3,0,0,1,3,American Samoa,United States of America,American Samoa,Missing,Missing,NewZealandGeorge Bullock-Douglas,,1932,Wing,5,2,2,1,3,9,Wanganui,New Zealand/Aotearoa,Manawatu-Wanganui,Wanganui District,Whanganui,NewZealandPat Caughey,,1932,Centre,9,4,4,1,3,9,Auckland,New Zealand/Aotearoa,Auckland,Missing,Missing,NewZealandFrancis Kilby,,1932,Scrum-half,4,2,1,1,1,3,Invercargill,New Zealand/Aotearoa,Southland,Invercargill City,Invercargill,NewZealandJack Manchester,,1932,Flanker,9,4,4,1,1,3,Waimate,New Zealand/Aotearoa,Canterbury,Waimate District,Waimate,NewZealandBunk Pollock,,1932,Five-eighth,5,4,1,0,0,29,Petone,New Zealand/Aotearoa,Wellington,Lower Hutt City,Lower Hutt,NewZealandJoe Procter,,1932,Wing,1,0,1,0,0,0,Dunedin,New Zealand/Aotearoa,Otago,Dunedin City,Dunedin,NewZealandRay Clarke,,1932,Lock,2,2,0,0,0,0,Wairea,g,n,i,s,NewZealandArthur Collins,,1932,Fullback,3,2,1,0,0,9,Stratford,United Kingdom,England,West Midlands,Warwickshire,NewZealandGordon Innes,,1932,Five-eighth,1,1,0,0,0,0,Dunedin,New Zealand/Aotearoa,Otago,Dunedin City,Dunedin,NewZealandBill Hadley,,1934,Hooker,8,4,3,1,2,6,Auckland,New Zealand/Aotearoa,Auckland,Missing,Missing,NewZealandBubs Knight,,1934,Lock,1,0,1,0,1,3,Auckland,New Zealand/Aotearoa,Auckland,Missing,Missing,NewZealandArthur Lambourn,,1934,Prop,10,4,5,1,0,0,Qld,Australia,Queensland,Missing,Missing,NewZealandRoderick McKenzie,,1934,Flanker,9,6,3,0,0,0,Rakaia,New Zealand/Aotearoa,Canterbury,Ashburton District,Rakaia,NewZealandNed Barry,,1934,Flanker,1,0,0,1,0,0,Temuka,New Zealand/Aotearoa,Canterbury,Timaru District,Temuka,NewZealandJack Griffiths,,1934,Fly-half,7,5,1,1,0,0,Wellington,New Zealand/Aotearoa,Wellington,Wellington City,Wellington,NewZealandEdward Holder,,1934,Wing,1,0,0,1,0,0,Seddonville,New Zealand/Aotearoa,West Coast,Buller District,Seddonville,NewZealandRon King,,1934,Lock,13,8,4,1,0,0,Waiuta,New Zealand/Aotearoa,West Coast,Buller District,Waiuta,NewZealandHawea Mataira,,1934,No. 8,1,0,0,1,0,0,Nuhaka,New Zealand/Aotearoa,Hawke's Bay,Wairoa District,Nuhaka,NewZealandMike Gilbert,,1935,Fullback,4,2,2,0,0,20,Rothesay,Canada,New Brunswick,Kings County,Rothesay,NewZealandTonk Mahoney,,1935,No. 8,4,2,2,0,0,0,Woodville,United States of America,Texas,Tyler County,Woodville,NewZealandBrushy Mitchell,,1935,Centre,8,5,3,0,4,12,Invercargill,New Zealand/Aotearoa,Southland,Invercargill City,Invercargill,NewZealandTori Reid,,1935,Lock,9,5,4,0,2,6,Tokomaru Bay,New Zealand/Aotearoa,Gisborne,Tokomaru Bay,Missing,NewZealandJoey Sadler,,1935,Scrum-half,5,4,1,0,0,0,Wellington,New Zealand/Aotearoa,Wellington,Wellington City,Wellington,NewZealandDoug Dalton,,1935,Prop,9,6,3,0,0,0,Napier,New Zealand/Aotearoa,Hawke's Bay,Napier City,Napier,NewZealandSnowy Tindill,,1936,"Fly-half, Scrum-half",1,0,1,0,0,0,Nelson,New Zealand/Aotearoa,Nelson,Missing,Missing,NewZealandEverard Jackson,,1936,Prop,6,4,2,0,0,0,Hastings,United Kingdom,England,South East,East Sussex,NewZealandShorty Killeen,,1936,Five-eighth,1,1,0,0,0,0,Wellington,New Zealand/Aotearoa,Wellington,Wellington City,Wellington,NewZealandJohn Rankin,,1936,No. 8,3,2,1,0,2,6,Christchurch,New Zealand/Aotearoa,Canterbury,Christchurch City,Christchurch,NewZealandJim Watt,,1936,Wing,2,2,0,0,2,6,Dunedin,New Zealand/Aotearoa,Otago,Dunedin City,Dunedin,NewZealandJock Wells,,1936,Flanker,2,2,0,0,0,0,nr.Dargaville,g,n,i,s,NewZealandColin Gillies,,1936,Fly-half,1,1,0,0,0,0,Oamaru,New Zealand/Aotearoa,Otago,Waitaki District,Oamaru,NewZealandRonald Ward,,1936,Flanker,3,2,1,0,0,0,Riverton,United States of America,Wyoming,Fremont County,Riverton,NewZealandDonald Cobden,,1937,Wing,1,1,0,0,0,0,Christchurch,New Zealand/Aotearoa,Canterbury,Christchurch City,Christchurch,NewZealandJohn Dick,,1937,Wing,3,2,1,0,1,3,Auckland,New Zealand/Aotearoa,Auckland,Missing,Missing,NewZealandJohn Hooper,,1937,Five-eighth,3,1,2,0,0,0,Christchurch,New Zealand/Aotearoa,Canterbury,Christchurch City,Christchurch,NewZealandAllan Parkhill,,1937,No. 8,6,4,2,0,1,3,Palmerston,Cook Islands,Palmerston,Missing,Missing,NewZealandHarold Simon,,1937,Scrum-half,3,1,2,0,0,0,Kingston,Jamaica,Surrey County,Kingston and St. Andrew Corporation,Kingston,NewZealandJohn Sullivan,,1937,Centre,6,4,2,0,3,9,Tahora,New Zealand/Aotearoa,Manawatu-Wanganui,Tahora,Missing,NewZealandJohn Taylor,,1937,Fullback,6,4,2,0,0,24,Mataura,New Zealand/Aotearoa,Southland,Gore District,Mataura,NewZealandDavid Trevathan,,1937,Fly-half,3,1,2,0,0,16,Mosgiel Junction,g,n,i,s,NewZealandBill Phillips,,1937,Wing,3,2,1,0,1,3,Raglan,United Kingdom,Wales,Monmouthshire,Raglan,NewZealandTrevor Berghan,,1938,Fly-half,3,3,0,0,0,0,Houhora,New Zealand/Aotearoa,Northland,Far North District,Houhora,NewZealandSnow Bowman,,1938,Flanker,3,3,0,0,2,6,Auckland,New Zealand/Aotearoa,Auckland,Missing,Missing,NewZealandLes George,,1938,Prop,3,3,0,0,0,0,Invercargill,New Zealand/Aotearoa,Southland,Invercargill City,Invercargill,NewZealandHarold Milliken,,1938,Lock,3,3,0,0,1,3,Christchurch,New Zealand/Aotearoa,Canterbury,Christchurch City,Christchurch,NewZealandThomas Morrison,,1938,Wing,3,3,0,0,0,4,Gisborne,New Zealand/Aotearoa,Gisborne,Missing,Missing,NewZealandCharlie Quaid,,1938,Hooker,2,2,0,0,0,0,Christchurch,New Zealand/Aotearoa,Canterbury,Christchurch City,Christchurch,NewZealandCharles Saxton,,1938,Scrum-half,3,3,0,0,3,9,Kurow,New Zealand/Aotearoa,Canterbury,Waitaki District,Kurow,NewZealandFred Allen,,1946,Five-eighth,6,4,2,0,0,0,Oamaru,New Zealand/Aotearoa,Otago,Waitaki District,Oamaru,NewZealandWally Argus,,1946,Wing,4,4,0,0,4,12,Auckland,New Zealand/Aotearoa,Auckland,Missing,Missing,NewZealandHas Catley,,1946,Hooker,7,3,4,0,0,0,Hamilton,Canada,Ontario,Hamilton,Missing,NewZealandJohn Dunn,,1946,Wing,1,1,0,0,0,0,Otahuhu,New Zealand/Aotearoa,Auckland,Mangere-Otahuhu,Å‘tóÅhuhu,NewZealandKen Elliott,,1946,No. 8,2,2,0,0,1,3,Wellington,New Zealand/Aotearoa,Wellington,Wellington City,Wellington,NewZealandRon Elvidge,,1946,Five-eighth,9,4,4,1,4,12,Timaru,New Zealand/Aotearoa,Canterbury,Timaru District,Timaru,NewZealandJack Finlay,,1946,No. 8,1,1,0,0,1,3,Normanby,United Kingdom,England,Yorkshire and the Humber,North Lincolnshire,NewZealandHarry Frazer,,1946,Lock,5,4,1,0,1,3,Wanganui,New Zealand/Aotearoa,Manawatu-Wanganui,Wanganui District,Whanganui,NewZealandJimmy Haig,,1946,Scrum-half,2,2,0,0,1,3,Prestonpans,United Kingdom,Scotland,East Lothian,Prestonpans,NewZealandMaurice McHugh,,1946,Flanker,3,2,1,0,0,0,Auckland,New Zealand/Aotearoa,Auckland,Missing,Missing,NewZealandPat Rhind,,1946,Prop,2,2,0,0,0,0,Lyttelton,New Zealand/Aotearoa,Canterbury,Christchurch City,Christchurch,NewZealandBob Scott,,1946,Fullback,17,10,6,1,0,74,Wellington,New Zealand/Aotearoa,Wellington,Wellington City,Wellington,NewZealandJohn Smith,,1946,Centre,4,2,2,0,1,6,Kaikohe,New Zealand/Aotearoa,Northland,Far North District,Kaikohe,NewZealandRoy White,,1946,Flanker,4,4,0,0,1,3,Dannevirke,New Zealand/Aotearoa,Manawatu-Wanganui,Tararua District,Dannevirke,NewZealandCharlie Willocks,,1946,Lock,5,2,3,0,0,0,Balclutha,New Zealand/Aotearoa,Otago,Clutha District,Balclutha,NewZealandJohn McRae,,1946,Hooker,2,2,0,0,0,0,Springhills,New Zealand/Aotearoa,Southland,Springhills,Missing,NewZealandEric Boggs,,1946,Wing,2,1,1,0,0,0,Whangarei,New Zealand/Aotearoa,Northland,Whangarei District,Whangarei,NewZealandThomas Budd,,1946,Lock,2,1,1,0,0,0,Bluff,New Zealand/Aotearoa,Southland,Invercargill City,Bluff,NewZealandMaurice Goddard,,1946,Centre,5,3,2,0,1,3,Timaru,New Zealand/Aotearoa,Canterbury,Timaru District,Timaru,NewZealandKeith Arnold,,1947,Flanker,2,2,0,0,1,3,Feilding,New Zealand/Aotearoa,Manawatu-Wanganui,Manawatu District,Feilding,NewZealandBen Couch,,1947,Fly-half,3,1,2,0,0,0,Christchurch,New Zealand/Aotearoa,Canterbury,Christchurch City,Christchurch,NewZealandRay Dalton,,1947,Prop,2,2,0,0,0,0,Te Awamutu,New Zealand/Aotearoa,Waikato,Waipa District,Te Awamutu,NewZealandGoldie Grant,,1947,Lock,4,2,2,0,0,0,Temuka,New Zealand/Aotearoa,Canterbury,Timaru District,Temuka,NewZealandJohn McLean,,1947,Wing,2,1,1,0,0,0,Thames,New Zealand/Aotearoa,Waikato,Thames Coromandel District,Thames,NewZealandJohnny Simpson,,1947,Prop,9,4,4,1,0,0,Rotorua,New Zealand/Aotearoa,Bay of Plenty,Rotorua District,Rotorua,NewZealandPercy Tetzlaff,,1947,Scrum-half,2,2,0,0,0,0,Taupiri,New Zealand/Aotearoa,Waikato,Waikato District,Taupiri,NewZealandNeville Thornton,,1947,No. 8,3,2,1,0,0,3,Otahuhu,New Zealand/Aotearoa,Auckland,Mangere-Otahuhu,Å‘tóÅhuhu,NewZealandJim Kearney,,1947,Fly-half,4,1,3,0,1,9,Naseby,United Kingdom,England,East Midlands,Northamptonshire,NewZealandTim Mason,,1947,Wing,1,1,0,0,1,3,Wellington,New Zealand/Aotearoa,Wellington,Wellington City,Wellington,NewZealandLester Harvey,,1949,Lock,8,3,4,1,0,0,Dunedin,New Zealand/Aotearoa,Otago,Dunedin City,Dunedin,NewZealandSammy Henderson,,1949,Wing,7,3,4,0,2,6,Gisborne,New Zealand/Aotearoa,Gisborne,Missing,Missing,NewZealandJack McNab,,1949,Flanker,6,2,3,1,0,0,Owaka,New Zealand/Aotearoa,Otago,Clutha District,Owaka,NewZealandLaurence Savage,,1949,Scrum-half,3,0,3,0,0,0,Nelson,New Zealand/Aotearoa,Nelson,Missing,Missing,NewZealandKevin Skinner,,1949,Prop,20,12,7,1,1,3,Dunedin,New Zealand/Aotearoa,Otago,Dunedin City,Dunedin,NewZealandPeter Johnstone,,1949,No. 8,9,6,2,1,1,3,Mosgiel,New Zealand/Aotearoa,Otago,Dunedin City,Mosgiel,NewZealandBill Meates,,1949,Wing,7,3,3,1,0,0,Greymouth,New Zealand/Aotearoa,West Coast,Grey District,Greymouth,NewZealandVince Bevan,,1949,Scrum-half,6,3,2,1,0,0,Wellington,New Zealand/Aotearoa,Wellington,Wellington City,Wellington,NewZealandKiwi Blake,,1949,Flanker,1,0,1,0,0,0,Carterton,New Zealand/Aotearoa,Wellington,Carterton District,Carterton,NewZealandRon Bryers,,1949,Lock,1,0,1,0,0,0,Raetihi,New Zealand/Aotearoa,Manawatu-Wanganui,Ruapehu District,Raetihi,NewZealandRonald Dobson,,1949,Five-eighth,1,0,1,0,0,0,Auckland,New Zealand/Aotearoa,Auckland,Missing,Missing,NewZealandArthur Hughes,,1949,Hooker,6,3,2,1,0,0,Auckland,New Zealand/Aotearoa,Auckland,Missing,Missing,NewZealandJack Kelly,,1949,Fullback,2,0,2,0,0,3,Ashburton,United Kingdom,England,South West England,Devon,NewZealandBert Lunn,,1949,Flanker,2,0,2,0,0,0,Alexandra,New Zealand/Aotearoa,Otago,Central Otago District,Alexandra,NewZealandGraham Moore,,1949,Wing,1,0,1,0,1,3,Wellington,New Zealand/Aotearoa,Wellington,Wellington City,Wellington,NewZealandBill Mumm,,1949,Prop,1,0,1,0,0,0,Mokihinui,New Zealand/Aotearoa,West Coast,Buller District,Mokihinui,NewZealandRex Orr,,1949,Fullback,1,0,1,0,0,0,Gore,New Zealand/Aotearoa,Southland,Gore District,Gore,NewZealandBob Stuart,,1949,No. 8,7,3,4,0,1,3,Dunedin,New Zealand/Aotearoa,Otago,Dunedin City,Dunedin,NewZealandTiny White,,1949,Lock,23,15,7,1,3,9,Gisborne,New Zealand/Aotearoa,Gisborne,Missing,Missing,NewZealandHector Wilson,,1949,Prop,5,4,1,0,1,3,Beaumont,United States of America,Texas,Jefferson County,Beaumont,NewZealandNeville Black,,1949,Scrum-half,1,0,1,0,0,0,Kawakawa,New Zealand/Aotearoa,Northland,Far North District,Kawakawa,NewZealandPat Crowley,,1949,Flanker,6,3,2,1,1,3,Wanganui,New Zealand/Aotearoa,Manawatu-Wanganui,Wanganui District,Whanganui,NewZealandDesmond Christian,,1949,No. 8,1,0,1,0,0,0,Auckland,New Zealand/Aotearoa,Auckland,Missing,Missing,NewZealandRed Delamore,,1949,Fly-half,1,0,1,0,0,0,Thames,New Zealand/Aotearoa,Waikato,Thames Coromandel District,Thames,NewZealandJack Bond,,1949,Prop,1,0,1,0,0,0,Carterton,New Zealand/Aotearoa,Wellington,Carterton District,Carterton,NewZealandRay O'Callaghan,,1949,Five-eighth,1,0,1,0,0,3,Wellington,New Zealand/Aotearoa,Wellington,Wellington City,Wellington,NewZealandDes O'Donnell,,1949,Prop,1,0,1,0,0,0,Palmerston North,New Zealand/Aotearoa,Manawatu-Wanganui,Palmerston North City,Palmerston North,NewZealandRoy Roper,,1949,Centre,5,3,1,1,3,9,Owhango,New Zealand/Aotearoa,Manawatu-Wanganui,Ruapehu District,Owhango,NewZealandHarry Rowley,,1949,No. 8,1,0,1,0,0,0,Cromwell,United States of America,89109,Nevada,Clark County,NewZealandGeorge Beatty,,1950,Fly-half,1,0,0,1,0,0,New Plymouth,New Zealand/Aotearoa,Taranaki,New Plymouth District,New Plymouth,NewZealandBrownie Cherrington,,1950,Wing,1,0,0,1,0,0,Otiria,New Zealand/Aotearoa,Northland,Far North District,Moerewa,NewZealandLaurie Haig,,1950,Fly-half,9,8,1,0,1,5,Prestonpans,United Kingdom,Scotland,East Lothian,Prestonpans,NewZealandGraham Mexted,,1950,No. 8,1,1,0,0,0,0,Greytown,New Zealand/Aotearoa,Wellington,South Wairarapa District,Greytown,NewZealandJohn Tanner,,1950,Centre,5,4,1,0,1,3,Auckland,New Zealand/Aotearoa,Auckland,Missing,Missing,NewZealandSnow Cockerill,,1951,Fullback,3,3,0,0,0,11,Hawera,New Zealand/Aotearoa,Taranaki,South Taranaki District,Hawera,NewZealandBob Duff,,1951,Lock,11,8,3,0,0,0,Lyttelton,New Zealand/Aotearoa,Canterbury,Christchurch City,Christchurch,NewZealandPercy Erceg,,1951,Wing,4,3,1,0,0,0,Waipapakauri,New Zealand/Aotearoa,Northland,Far North District,Unahi,NewZealandRonald Jarden,,1951,Wing,16,11,5,0,7,42,Lower Hutt,New Zealand/Aotearoa,Wellington,Lower Hutt City,Lower Hutt,NewZealandThomas Lynch,,1951,Five-eighth,3,3,0,0,2,9,Naseby,United Kingdom,England,East Midlands,Northamptonshire,NewZealandWilliam McCaw,,1951,No. 8,5,3,2,0,0,0,Gore,New Zealand/Aotearoa,Southland,Gore District,Gore,NewZealandCharles Robinson,,1951,Flanker,5,4,1,0,1,3,Bluff,New Zealand/Aotearoa,Southland,Invercargill City,Bluff,NewZealandLeo Steele,,1951,Scrum-half,3,3,0,0,0,0,Wellington,New Zealand/Aotearoa,Wellington,Wellington City,Wellington,NewZealandNorman Wilson,,1951,Hooker,3,3,0,0,1,3,Masterton,New Zealand/Aotearoa,Wellington,Masterton District,Masterton,NewZealandRaymond Bell,,1951,Wing,3,2,1,0,1,6,Dunedin,New Zealand/Aotearoa,Otago,Dunedin City,Dunedin,NewZealandPeter Eastgate,,1952,Prop,3,2,1,0,0,0,Nelson,New Zealand/Aotearoa,Nelson,Missing,Missing,NewZealandAllan Elsom,,1952,Centre,6,3,3,0,0,3,Christchurch,New Zealand/Aotearoa,Canterbury,Christchurch City,Christchurch,NewZealandJim Fitzgerald,,1952,Five-eighth,1,0,1,0,1,3,Wellington,New Zealand/Aotearoa,Wellington,Wellington City,Wellington,NewZealandJohn Hotop,,1952,Fly-half,3,1,2,0,1,6,Alexandra,New Zealand/Aotearoa,Otago,Central Otago District,Alexandra,NewZealandIan Irvine,,1952,Hooker,1,0,1,0,0,0,Carterton,New Zealand/Aotearoa,Wellington,Carterton District,Carterton,NewZealandHugh McLaren,,1952,No. 8,1,0,1,0,0,0,Auckland,New Zealand/Aotearoa,Auckland,Missing,Missing,NewZealandKevin Meates,,1952,No. 8,2,1,1,0,0,0,Greymouth,New Zealand/Aotearoa,West Coast,Grey District,Greymouth,NewZealandPonty Reid,,1952,Scrum-half,5,4,1,0,0,0,Te Kuiti,New Zealand/Aotearoa,Waikato,Waitomo District,Te Kuiti,NewZealandNoel Bowden,,1952,Fullback,1,1,0,0,0,3,Whangarei,New Zealand/Aotearoa,Northland,Whangarei District,Whangarei,NewZealandMick Bremner,,1952,Five-eighth,2,1,1,0,0,0,Otorohanga,New Zealand/Aotearoa,Waikato,Otorohanga District,Otorohanga,NewZealandKeith Davis,,1952,Scrum-half,10,7,3,0,0,0,Whakatane,New Zealand/Aotearoa,Bay of Plenty,Whakatane District,Whakatane,NewZealandIan Hammond,,1952,Hooker,1,1,0,0,0,0,Blenheim,New Zealand/Aotearoa,Marlborough,Blenheim,Missing,NewZealandJack Skeen,,1952,Flanker,1,1,0,0,0,0,Auckland,New Zealand/Aotearoa,Auckland,Missing,Missing,NewZealandBill Clark,,1953,Flanker,9,7,2,0,3,9,Motueka,New Zealand/Aotearoa,Tasman,Motueka,Missing,NewZealandIan Clarke,,1953,Prop,24,19,4,1,0,0,Kaponga,New Zealand/Aotearoa,Taranaki,South Taranaki District,Kaponga,NewZealandNelson Dalzell,,1953,Lock,5,3,2,0,1,3,N.Cant.,United States of America,Ohio,Stark County,North Canton,NewZealandBrian Fitzpatrick,,1953,Five-eighth,3,1,2,0,0,0,Opotiki,New Zealand/Aotearoa,Bay of Plenty,Opotiki District,Opotiki,NewZealandRon Hemi,,1953,Hooker,16,12,4,0,1,3,Whangarei,New Zealand/Aotearoa,Northland,Whangarei District,Whangarei,NewZealandRichard Bowers,,1954,Fly-half,2,1,1,0,0,0,Rawhiti,New Zealand/Aotearoa,6145,Wellington,Wellington City,NewZealandMorrie Dixon,,1954,Wing,10,8,2,0,2,6,Christchurch,New Zealand/Aotearoa,Canterbury,Christchurch City,Christchurch,NewZealandColin Loader,,1954,Centre,4,3,1,0,0,0,Dannevirke,New Zealand/Aotearoa,Manawatu-Wanganui,Tararua District,Dannevirke,NewZealandDesmond Oliver,,1954,Flanker,2,1,1,0,0,0,Palmerston North,New Zealand/Aotearoa,Manawatu-Wanganui,Palmerston North City,Palmerston North,NewZealandSnow White,,1954,Prop,4,2,2,0,0,0,Kawakawa,New Zealand/Aotearoa,Northland,Far North District,Kawakawa,NewZealandTiger Hilton-Jones,,1954,Flanker,11,9,2,0,2,6,Kaitaia,New Zealand/Aotearoa,Northland,Far North District,Kaitaia,NewZealandDouglas Wilson,,1954,Five-eighth,2,2,0,0,0,0,Wanganui,New Zealand/Aotearoa,Manawatu-Wanganui,Wanganui District,Whanganui,NewZealandRobin Archer,,1955,Fly-half,4,4,0,0,0,0,Gore,New Zealand/Aotearoa,Southland,Gore District,Gore,NewZealandPeter Burke,,1955,No. 8,3,3,0,0,0,0,Tauranga,New Zealand/Aotearoa,Bay of Plenty,Tauranga City,Tauranga,NewZealandMark Irwin,,1955,Prop,7,4,3,0,0,0,Gisborne,New Zealand/Aotearoa,Gisborne,Missing,Missing,NewZealandRoss Smith,,1955,Wing,1,1,0,0,0,0,Ashburton,United Kingdom,England,South West England,Devon,NewZealandKevin Stuart,,1955,Fullback,1,1,0,0,0,0,Dunedin,New Zealand/Aotearoa,Otago,Dunedin City,Dunedin,NewZealandLindsay Townsend,,1955,Scrum-half,2,1,1,0,0,0,Mataura,New Zealand/Aotearoa,Southland,Gore District,Mataura,NewZealandIvan Vodanovich,,1955,Prop,3,2,1,0,1,3,Wanganui,New Zealand/Aotearoa,Manawatu-Wanganui,Wanganui District,Whanganui,NewZealandPat Walsh,,1955,Fullback,13,10,3,0,4,12,Kaitaia,New Zealand/Aotearoa,Northland,Far North District,Kaitaia,NewZealandBill Gray,,1955,Five-eighth,6,4,2,0,0,0,Te Puke,New Zealand/Aotearoa,Bay of Plenty,Western Bay of Plenty District,Te Puke,NewZealandTom Katene,,1955,Wing,1,1,0,0,0,0,Taranaki,New Zealand/Aotearoa,Taranaki,Missing,Missing,NewZealandRoss Brown,,1955,Fly-half,16,13,3,0,3,12,New Plymouth,New Zealand/Aotearoa,Taranaki,New Plymouth District,New Plymouth,NewZealandJohn Buxton,,1955,Flanker,2,1,1,0,0,0,Auckland,New Zealand/Aotearoa,Auckland,Missing,Missing,NewZealandTiny Hill,,1955,Lock,11,9,2,0,0,0,New Plymouth,New Zealand/Aotearoa,Taranaki,New Plymouth District,New Plymouth,NewZealandDonald McIntosh,,1956,Flanker,4,3,1,0,0,0,Lower Hutt,New Zealand/Aotearoa,Wellington,Lower Hutt City,Lower Hutt,NewZealandPatrick Vincent,,1956,Scrum-half,2,1,1,0,0,0,Wataroa,New Zealand/Aotearoa,Taranaki,South Taranaki District,Pungarehu,NewZealandFrancis McAtamney,,1956,Prop,1,0,1,0,0,0,Middlemarch,Canada,Ontario,Elgin County,Southwold,NewZealandIan MacEwan,,1956,Lock,20,14,4,2,2,6,Auckland,New Zealand/Aotearoa,Auckland,Missing,Missing,NewZealandDenis Young,,1956,Hooker,22,15,4,3,0,0,Christchurch,New Zealand/Aotearoa,Canterbury,Christchurch City,Christchurch,NewZealandDon Clarke,,1956,Fullback,31,24,4,3,2,207,Pihama,New Zealand/Aotearoa,Taranaki,South Taranaki District,Pihama,NewZealandTerry Lineen,,1957,Five-eighth,12,8,3,1,0,0,Auckland,New Zealand/Aotearoa,Auckland,Missing,Missing,NewZealandFrank McMullen,,1957,Wing,11,8,2,1,4,12,Auckland,New Zealand/Aotearoa,Auckland,Missing,Missing,NewZealandColin Meads,,1957,Lock,55,41,10,4,7,21,Cambridge,United Kingdom,England,East of England,Cambridgeshire,NewZealandWilson Whineray,,1957,Prop,32,24,5,3,2,6,Auckland,New Zealand/Aotearoa,Auckland,Missing,Missing,NewZealandMick Cossey,,1958,Wing,1,1,0,0,0,0,Papakura,New Zealand/Aotearoa,Auckland,Papakura,Missing,NewZealandThomas Coughlan,,1958,Flanker,1,1,0,0,0,0,Temuka,New Zealand/Aotearoa,Canterbury,Timaru District,Temuka,NewZealandDavid Graham,,1958,Flanker,22,17,2,3,2,6,Stratford,United Kingdom,England,West Midlands,Warwickshire,NewZealandDavid Ashby,,1958,Fullback,1,0,1,0,0,0,Mataura,New Zealand/Aotearoa,Southland,Gore District,Mataura,NewZealandErnest Pickering,,1958,Flanker,3,1,2,0,0,0,Te Kuiti,New Zealand/Aotearoa,Waikato,Waitomo District,Te Kuiti,NewZealandJames Watt,,1958,Wing,9,5,3,1,1,3,Dunedin,New Zealand/Aotearoa,Otago,Dunedin City,Dunedin,NewZealandAdrian Clarke,,1958,Fly-half,3,1,2,0,0,0,Christchurch,New Zealand/Aotearoa,Canterbury,Christchurch City,Christchurch,NewZealandWilliam Gillespie,,1958,Flanker,1,1,0,0,0,0,Cromwell,United States of America,89109,Nevada,Clark County,NewZealandBrian Finlay,,1959,Flanker,1,1,0,0,0,0,Cromwell,United States of America,89109,Nevada,Clark County,NewZealandBruce McPhail,,1959,Wing,2,1,1,0,0,0,Ashburton,United Kingdom,England,South West England,Devon,NewZealandSpider Urbahn,,1959,Scrum-half,3,2,1,0,1,3,Opunake,New Zealand/Aotearoa,Taranaki,South Taranaki District,Opunake,NewZealandKevin Briscoe,,1959,Scrum-half,9,5,2,2,0,0,New Plymouth,New Zealand/Aotearoa,Taranaki,New Plymouth District,New Plymouth,NewZealandRalph Caulton,,1959,Wing,16,11,4,1,8,24,Wellington,New Zealand/Aotearoa,Wellington,Wellington City,Wellington,NewZealandDick Conway,,1959,No. 8,10,5,4,1,1,3,Whakatane,New Zealand/Aotearoa,Bay of Plenty,Whakatane District,Whakatane,NewZealandTuppy Diack,602,1959,Wing,1,1,0,0,0,0,Invercargill,New Zealand/Aotearoa,Southland,Invercargill City,Invercargill,NewZealandJohn McCullough,603,1959,Fly-half,3,2,1,0,0,0,Stratford,United Kingdom,England,West Midlands,Warwickshire,NewZealandKel Tremain,604,1959,Flanker,38,30,5,3,9,27,Auckland,New Zealand/Aotearoa,Auckland,Missing,Missing,NewZealandDesmond Webb,605,1959,Hooker,1,1,0,0,0,0,Kawakawa,New Zealand/Aotearoa,Northland,Far North District,Kawakawa,NewZealandTerence O'Sullivan,612,1960,Centre,4,3,1,0,1,3,New Plymouth,New Zealand/Aotearoa,Taranaki,New Plymouth District,New Plymouth,NewZealandRonald Horsley,610,1960,Lock,3,1,1,1,0,0,Wellington,New Zealand/Aotearoa,Wellington,Wellington City,Wellington,NewZealandKevin Laidlaw,611,1960,Centre,3,1,1,1,0,0,Nightcaps,New Zealand/Aotearoa,Southland,The Nightcaps,Missing,NewZealandSteven Nesbit,615,1960,Fly-half,2,1,0,1,0,0,Auckland,New Zealand/Aotearoa,Auckland,Missing,Missing,NewZealandTony Davies,608,1960,Five-eighth,3,2,1,0,0,0,Auckland,New Zealand/Aotearoa,Auckland,Missing,Missing,NewZealandDesmond Connor,617,1958,Scrum-half,24,11,11,2,0,0,Brisbane,Australia,Queensland,Brisbane,Missing,NewZealandDonald McKay,618,1961,Wing,5,5,0,0,2,6,Auckland,New Zealand/Aotearoa,Auckland,Missing,Missing,NewZealandStan Meads,619,1961,Lock,15,13,2,0,0,0,Arapuni,New Zealand/Aotearoa,Waikato,South Waikato District,Arapuni,NewZealandNeil Wolfe,620,1961,Fly-half,6,5,0,1,0,0,New Plymouth,New Zealand/Aotearoa,Taranaki,New Plymouth District,New Plymouth,NewZealandBoy Yates,621,1961,No. 8,3,3,0,0,1,3,Kaitaia,New Zealand/Aotearoa,Northland,Far North District,Kaitaia,NewZealandPaul Little,622,1961,Centre,10,8,0,2,1,3,Auckland,New Zealand/Aotearoa,Auckland,Missing,Missing,NewZealandRod Heeps,625,1962,Wing,5,4,0,1,1,3,Hamilton,Canada,Ontario,Hamilton,Missing,NewZealandWaka Nathan,627,1962,Flanker,14,13,0,1,4,12,Auckland,New Zealand/Aotearoa,Auckland,Missing,Missing,NewZealandBruce Watt,628,1962,Fly-half,8,7,0,1,2,9,Marton,United Kingdom,England,North West England,Cheshire East,NewZealandRaymond Moreton,629,1962,Five-eighth,7,4,2,1,2,9,Invercargill,New Zealand/Aotearoa,Southland,Invercargill City,Invercargill,NewZealandPeter Morrissey,630,1962,Wing,3,2,0,1,2,6,Christchurch,New Zealand/Aotearoa,Canterbury,Christchurch City,Christchurch,NewZealandJohn Creighton,624,1962,Hooker,1,1,0,0,0,0,Rotherham,United Kingdom,England,Yorkshire and the Humber,Rotherham,NewZealandJules le Lievre,626,1962,Prop,1,1,0,0,0,0,Akaroa,New Zealand/Aotearoa,Canterbury,Christchurch City,Akaroa,NewZealandKeith Nelson,631,1962,No. 8,2,2,0,0,0,0,Auckland,New Zealand/Aotearoa,Auckland,Missing,Missing,NewZealandMac Herewini,632,1962,Fly-half,10,9,0,1,1,21,Mokai,Brasil,70347090,Regi’£o Centro-Oeste,DF,NewZealandBarry Thomas,633,1962,Prop,4,3,1,0,0,0,Auckland,New Zealand/Aotearoa,Auckland,Missing,Missing,NewZealandAllan Stewart,638,1963,Lock,8,6,1,1,0,0,Temuka,New Zealand/Aotearoa,Canterbury,Timaru District,Temuka,NewZealandIan Uttley,634,1963,Centre,2,2,0,0,0,0,Christchurch,New Zealand/Aotearoa,Canterbury,Christchurch City,Christchurch,NewZealandBluey Arnold,639,1963,Five-eighth,4,4,0,0,0,0,Balclutha,New Zealand/Aotearoa,Otago,Clutha District,Balclutha,NewZealandMalcolm Dick,635,1963,Wing,15,11,3,1,4,12,Auckland,New Zealand/Aotearoa,Auckland,Missing,Missing,NewZealandKen Gray,636,1963,Prop,24,21,2,1,4,12,Porirua,New Zealand/Aotearoa,Wellington,Porirua City,Porirua,NewZealandBrian Lochore,637,1964,No. 8,25,19,5,1,2,6,Masterton,New Zealand/Aotearoa,Wellington,Masterton District,Masterton,NewZealandChris Laidlaw,641,1964,Scrum-half,20,17,3,0,3,12,Dunedin,New Zealand/Aotearoa,Otago,Dunedin City,Dunedin,NewZealandDon Clark,646,1964,Flanker,2,2,0,0,0,0,Cromwell,United States of America,89109,Nevada,Clark County,NewZealandJohn Collins,647,1964,Five-eighth,3,3,0,0,0,0,Tokomaru Nay,g,n,i,s,NewZealandBruce McLeod,648,1964,Hooker,24,21,3,0,4,12,Auckland,New Zealand/Aotearoa,Auckland,Missing,Missing,NewZealandSpooky Smith,644,1964,Wing,9,8,1,0,2,6,Dunedin,New Zealand/Aotearoa,Otago,Dunedin City,Dunedin,NewZealandMichael Williment,649,1964,Fullback,9,8,1,0,1,70,Wellington,New Zealand/Aotearoa,Wellington,Wellington City,Wellington,NewZealandPeter Murdoch,650,1964,Fly-half,5,3,2,0,2,6,Auckland,New Zealand/Aotearoa,Auckland,Missing,Missing,NewZealandRon Rangi,651,1964,Centre,10,8,2,0,3,9,Auckland,New Zealand/Aotearoa,Auckland,Missing,Missing,NewZealandBill Birtwistle,652,1965,Wing,7,6,1,0,4,12,Auckland,New Zealand/Aotearoa,Auckland,Missing,Missing,NewZealandFergie McCormick,653,1965,Fullback,16,13,3,0,0,121,Ashburton,United Kingdom,England,South West England,Devon,NewZealandJack Hazlett,654,1966,Prop,6,6,0,0,0,0,Invercargill,New Zealand/Aotearoa,Southland,Invercargill City,Invercargill,NewZealandIan MacRae,642,1966,Five-eighth,17,14,3,0,3,9,Christchurch,New Zealand/Aotearoa,Canterbury,Christchurch City,Christchurch,NewZealandAnthony Steel,664,1966,Wing,9,9,0,0,7,21,Greymouth,New Zealand/Aotearoa,West Coast,Grey District,Greymouth,NewZealandBill Davis,640,1967,Centre,11,11,0,0,4,12,Hastings,United Kingdom,England,South East,East Sussex,NewZealandSid Going,655,1967,Scrum-half,29,17,10,2,10,44,Kawakawa,New Zealand/Aotearoa,Northland,Far North District,Kawakawa,NewZealandJohn Major,643,1967,Hooker,1,1,0,0,0,0,Whakatane,New Zealand/Aotearoa,Bay of Plenty,Whakatane District,Whakatane,NewZealandJazz Muller,656,1967,Prop,14,9,4,1,0,0,Eltham,United Kingdom,England,Greater London,London,NewZealandSamuel Strahan,657,1967,Lock,17,14,3,0,0,0,Palmerston North,New Zealand/Aotearoa,Manawatu-Wanganui,Palmerston North City,Palmerston North,NewZealandEarle Kirton,645,1967,Fly-half,13,12,1,0,4,12,Taumarunui,New Zealand/Aotearoa,Manawatu-Wanganui,Ruapehu District,Taumarunui,NewZealandGraham Williams,668,1967,Flanker,5,5,0,0,0,0,Wellington,New Zealand/Aotearoa,Wellington,Wellington City,Wellington,NewZealandIan Kirkpatrick,666,1967,Flanker,39,25,11,3,16,57,Gisborne,New Zealand/Aotearoa,Gisborne,Missing,Missing,NewZealandAlister Hopkinson,663,1967,Prop,9,7,2,0,0,0,Mosgiel,New Zealand/Aotearoa,Otago,Dunedin City,Mosgiel,NewZealandWayne Cottrell,658,1968,Five-eighth,9,5,3,1,1,6,Christchurch,New Zealand/Aotearoa,Canterbury,Christchurch City,Christchurch,NewZealandThomas Lister,673,1968,Flanker,8,5,2,1,2,6,Ashburton,United Kingdom,England,South West England,Devon,NewZealandGrahame Thorne,660,1968,Wing,10,7,3,0,1,3,Auckland,New Zealand/Aotearoa,Auckland,Missing,Missing,NewZealandAnthony Kreft,675,1968,Prop,1,1,0,0,0,0,Milton,United States of America,Massachusetts,Norfolk County,Milton,NewZealandMichael O'Callaghan,676,1968,Wing,3,3,0,0,0,0,Culverden,New Zealand/Aotearoa,Canterbury,Hurunui District,Culverden,NewZealandOwen Stephens,677,1968,Wing,6,2,3,1,2,8,Paeroa,New Zealand/Aotearoa,Waikato,Hauraki District,Paeroa,NewZealandAlan Smith,667,1969,Lock,3,2,1,0,0,0,Stratford,United Kingdom,England,West Midlands,Warwickshire,NewZealandGeorge Skudder,678,1969,Wing,1,1,0,0,1,3,Te Puke,New Zealand/Aotearoa,Bay of Plenty,Western Bay of Plenty District,Te Puke,NewZealandBryan Williams,689,1970,Wing,38,23,12,3,10,71,Auckland,New Zealand/Aotearoa,Auckland,Missing,Missing,NewZealandAlan Sutherland,670,1970,No. 8,10,6,3,1,3,12,Blenheim,New Zealand/Aotearoa,Marlborough,Blenheim,Missing,NewZealandAlex Wyllie,688,1970,Flanker,11,5,4,2,2,8,Christchurch,New Zealand/Aotearoa,Canterbury,Christchurch City,Christchurch,NewZealandBuff Milner,683,1970,Wing,1,0,1,0,0,0,Tokomaru Bay,New Zealand/Aotearoa,Gisborne,Tokomaru Bay,Missing,NewZealandNeil Thimbleby,684,1970,Prop,1,0,1,0,0,0,Lower Hutt,New Zealand/Aotearoa,Wellington,Lower Hutt City,Lower Hutt,NewZealandRon Urlich,687,1970,Hooker,2,0,2,0,0,0,Auckland,New Zealand/Aotearoa,Auckland,Missing,Missing,NewZealandBlair Furlong,685,1970,Fly-half,1,0,1,0,0,0,Dannevirke,New Zealand/Aotearoa,Manawatu-Wanganui,Tararua District,Dannevirke,NewZealandGerald Kember,665,1970,Fullback,1,0,1,0,0,14,Wellington,New Zealand/Aotearoa,Wellington,Wellington City,Wellington,NewZealandKeith Murdoch,686,1970,Prop,3,2,1,0,1,4,Dunedin,New Zealand/Aotearoa,Otago,Dunedin City,Dunedin,NewZealandBob Burgess,690,1971,Fly-half,7,3,3,1,2,6,New Plymouth,New Zealand/Aotearoa,Taranaki,New Plymouth District,New Plymouth,NewZealandKen Carrington,691,1971,Wing,3,0,2,1,0,0,Whakatane,New Zealand/Aotearoa,Bay of Plenty,Whakatane District,Whakatane,NewZealandRichard Guy,692,1971,Prop,4,1,2,1,0,0,Lower Hutt,New Zealand/Aotearoa,Wellington,Lower Hutt City,Lower Hutt,NewZealandBruce Hunter,682,1971,Wing,3,1,2,0,0,0,Oamaru,New Zealand/Aotearoa,Otago,Waitaki District,Oamaru,NewZealandAlan McNaughton,693,1971,Flanker,3,1,2,0,0,0,Christchurch,New Zealand/Aotearoa,Canterbury,Christchurch City,Christchurch,NewZealandTane Norton,694,1971,Hooker,27,16,8,3,0,0,Waikari,New Zealand/Aotearoa,Canterbury,Hurunui District,Waikari,NewZealandPole Whiting,695,1971,Lock,20,12,5,3,3,12,Auckland,New Zealand/Aotearoa,Auckland,Missing,Missing,NewZealandHoward Joseph,696,1971,Centre,2,1,1,0,0,0,Christchurch,New Zealand/Aotearoa,Canterbury,Christchurch City,Christchurch,NewZealandLaurie Mains,697,1971,Fullback,4,2,1,1,1,21,Dunedin,New Zealand/Aotearoa,Otago,Dunedin City,Dunedin,NewZealandMick Duncan,698,1971,Centre,2,0,1,1,0,0,Waipawa,New Zealand/Aotearoa,Wellington,South Wairarapa District,Waipawa,NewZealandPhil Gard,699,1971,Five-eighth,1,0,0,1,0,0,Kurow,New Zealand/Aotearoa,Canterbury,Waitaki District,Kurow,NewZealandJohn Dougan,705,1972,Fly-half,2,1,1,0,1,4,Lower Hutt,New Zealand/Aotearoa,Wellington,Lower Hutt City,Lower Hutt,NewZealandDuncan Hales,707,1972,Wing,4,4,0,0,0,0,Dannevirke,New Zealand/Aotearoa,Manawatu-Wanganui,Tararua District,Dannevirke,NewZealandJeff Matheson,708,1972,Prop,5,5,0,0,0,0,Palmerston,Cook Islands,Palmerston,Missing,Missing,NewZealandTrevor Morris,701,1972,Fullback,3,3,0,0,0,33,Nelson,New Zealand/Aotearoa,Nelson,Missing,Missing,NewZealandMike Parkinson,709,1972,Five-eighth,7,6,1,0,0,0,Wairoa,New Zealand/Aotearoa,Hawke's Bay,Wairoa District,Wairoa,NewZealandBruce Robertson,702,1972,Centre,34,23,9,2,4,22,Hastings,United Kingdom,England,South East,East Sussex,NewZealandAlistair Scown,710,1972,Flanker,5,5,0,0,1,4,Patea,New Zealand/Aotearoa,Taranaki,South Taranaki District,Patea,NewZealandGraham Whiting,703,1972,Prop,6,4,1,1,0,0,Wanganui,New Zealand/Aotearoa,Manawatu-Wanganui,Wanganui District,Whanganui,NewZealandLyn Jaffray,711,1972,Five-eighth,7,4,3,0,1,4,Dunedin,New Zealand/Aotearoa,Otago,Dunedin City,Dunedin,NewZealandGraham Sims,712,1972,Centre,1,1,0,0,0,0,Featherston,New Zealand/Aotearoa,Wellington,South Wairarapa District,Featherston,NewZealandGrant Batty,715,1972,Wing,15,9,5,1,4,16,Greytown,New Zealand/Aotearoa,Wellington,South Wairarapa District,Greytown,NewZealandJoseph Karam,713,1972,Fullback,10,7,1,2,1,65,Taumarunui,New Zealand/Aotearoa,Manawatu-Wanganui,Ruapehu District,Taumarunui,NewZealandHamish Macdonald,700,1972,Lock,12,7,4,1,1,4,Rawene,New Zealand/Aotearoa,Northland,Far North District,Rawene,NewZealandIan Stevens,719,1972,Fly-half,3,3,0,0,1,4,Waipawa,New Zealand/Aotearoa,Wellington,South Wairarapa District,Waipawa,NewZealandKent Lambert,718,1972,Prop,11,5,5,1,0,0,Wairoa,New Zealand/Aotearoa,Hawke's Bay,Wairoa District,Wairoa,NewZealandIan Hurst,717,1973,Five-eighth,5,1,2,2,2,8,Oamaru,New Zealand/Aotearoa,Otago,Waitaki District,Oamaru,NewZealandMurray Jones,723,1973,Prop,1,0,1,0,0,0,Warkworth,New Zealand/Aotearoa,Auckland,Rodney,Warkworth,NewZealandRobert Lendrum,725,1973,Fullback,1,0,1,0,0,2,Waiuku,New Zealand/Aotearoa,Auckland,Franklin,Waiuku,NewZealandKen Stewart,720,1973,Flanker,13,8,4,1,0,0,Gore,New Zealand/Aotearoa,Southland,Gore District,Gore,NewZealandTerry Morrison,724,1973,Wing,1,0,1,0,0,0,Hamilton,Canada,Ontario,Hamilton,Missing,NewZealandBilly Bush,738,1974,Prop,12,8,3,1,0,0,Napier,New Zealand/Aotearoa,Hawke's Bay,Napier City,Napier,NewZealandJohn Callesen,727,1974,Lock,4,3,0,1,0,0,Palmerston North,New Zealand/Aotearoa,Manawatu-Wanganui,Palmerston North City,Palmerston North,NewZealandBruce Gemmell,729,1974,Scrum-half,2,1,0,1,0,0,Auckland,New Zealand/Aotearoa,Auckland,Missing,Missing,NewZealandAndrew Leslie,731,1974,No. 8,10,6,3,1,1,4,Lower Hutt,New Zealand/Aotearoa,Wellington,Lower Hutt City,Lower Hutt,NewZealandDuncan Robertson,734,1974,Fly-half,10,6,3,1,2,8,Dunedin,New Zealand/Aotearoa,Otago,Dunedin City,Dunedin,NewZealandKerry Tanner,735,1974,Prop,7,5,1,1,0,0,Hamilton,Canada,Ontario,Hamilton,Missing,NewZealandJon McLachlan,732,1974,Wing,1,0,0,1,0,0,Auckland,New Zealand/Aotearoa,Auckland,Missing,Missing,NewZealandAshley Gardiner,728,1974,Prop,1,1,0,0,0,0,New Plymouth,New Zealand/Aotearoa,Taranaki,New Plymouth District,New Plymouth,NewZealandJoe Morgan,733,1974,Five-eighth,5,3,2,0,1,4,Whangarei,New Zealand/Aotearoa,Northland,Whangarei District,Whangarei,NewZealandBill Osborne,744,1975,Five-eighth,16,13,3,0,0,0,Wanganui,New Zealand/Aotearoa,Manawatu-Wanganui,Wanganui District,Whanganui,NewZealandLyn Davis,745,1976,Scrum-half,3,3,0,0,0,0,Christchurch,New Zealand/Aotearoa,Canterbury,Christchurch City,Christchurch,NewZealandNeil Purvis,746,1976,Wing,1,1,0,0,0,0,Cromwell,United States of America,89109,Nevada,Clark County,NewZealandDoug Bruce,737,1976,Fly-half,14,10,4,0,0,15,Dunedin,New Zealand/Aotearoa,Otago,Dunedin City,Dunedin,NewZealandKevin Everleigh,740,1976,Flanker,4,2,2,0,0,0,Palmerston North,New Zealand/Aotearoa,Manawatu-Wanganui,Palmerston North City,Palmerston North,NewZealandKit Fawcett,747,1976,Fullback,2,1,1,0,0,0,Matamata,New Zealand/Aotearoa,Waikato,Matamata Piako District,Matamata,NewZealandBrad Johnstone,749,1976,Prop,13,10,3,0,2,8,Auckland,New Zealand/Aotearoa,Auckland,Missing,Missing,NewZealandPerry Harris,751,1976,Prop,1,0,1,0,0,0,Feilding,New Zealand/Aotearoa,Manawatu-Wanganui,Manawatu District,Feilding,NewZealandFrank Oliver,750,1976,Lock,17,11,6,0,1,4,Dunedin,New Zealand/Aotearoa,Otago,Dunedin City,Dunedin,NewZealandTerry Mitchell,743,1976,Wing,1,0,1,0,0,0,Takara,Nigeria,Jigawa,Guri,Takara,NewZealandColin Farrell,773,1977,Fullback,2,1,1,0,0,0,Auckland,New Zealand/Aotearoa,Auckland,Missing,Missing,NewZealandAndy Haden,716,1977,Lock,41,31,9,1,2,8,Wanganui,New Zealand/Aotearoa,Manawatu-Wanganui,Wanganui District,Whanganui,NewZealandLaurie Knight,730,1977,No. 8,6,4,2,0,1,4,Auckland,New Zealand/Aotearoa,Auckland,Missing,Missing,NewZealandMark Taylor,771,1977,Five-eighth,9,5,4,0,1,4,Auckland,New Zealand/Aotearoa,Auckland,Missing,Missing,NewZealandBrian Ford,774,1977,Wing,4,4,0,0,0,0,Kaikoura,New Zealand/Aotearoa,Canterbury,Kaikoura District,Kaikoura,NewZealandJohn McEldowney,768,1977,Prop,2,2,0,0,0,0,New Plymouth,New Zealand/Aotearoa,Taranaki,New Plymouth District,New Plymouth,NewZealandGraham Mourie,757,1977,Flanker,21,17,4,0,4,16,Opunake,New Zealand/Aotearoa,Taranaki,South Taranaki District,Opunake,NewZealandBevan Wilson,775,1977,Fullback,8,5,3,0,0,55,Dunstan,New Zealand/Aotearoa,Otago,Central Otago District,Dunstan,NewZealandJohn Black,765,1977,Hooker,3,0,3,0,0,0,Timaru,New Zealand/Aotearoa,Canterbury,Timaru District,Timaru,NewZealandMark Donaldson,781,1977,Scrum-half,13,9,4,0,1,4,Palmerston North,New Zealand/Aotearoa,Manawatu-Wanganui,Palmerston North City,Palmerston North,NewZealandGary Knight,782,1977,Prop,36,27,9,0,1,4,Wellington,New Zealand/Aotearoa,Wellington,Wellington City,Wellington,NewZealandBrian McKechnie,778,1977,Fullback,10,7,3,0,0,46,Gore,New Zealand/Aotearoa,Southland,Gore District,Gore,NewZealandGary Seear,748,1977,No. 8,12,8,4,0,2,11,Dunedin,New Zealand/Aotearoa,Otago,Dunedin City,Dunedin,NewZealandStu Wilson,772,1977,Wing,34,25,8,1,19,76,Gore,New Zealand/Aotearoa,Southland,Gore District,Gore,NewZealandRobbie Stuart,780,1977,Lock,1,0,1,0,0,0,Napier,New Zealand/Aotearoa,Hawke's Bay,Napier City,Napier,NewZealandAndy Dalton,777,1977,Hooker,35,30,5,0,3,12,Dunedin,New Zealand/Aotearoa,Otago,Dunedin City,Dunedin,NewZealandBarry Ashworth,783,1978,Flanker,2,2,0,0,0,0,Waiuku,New Zealand/Aotearoa,Auckland,Franklin,Waiuku,NewZealandJohn Ashworth,776,1978,Prop,24,18,6,0,1,4,Makahu,New Zealand/Aotearoa,Taranaki,Stratford District,Makahu,NewZealandLeicester Rutledge,784,1978,Flanker,13,8,5,0,0,0,Christchurch,New Zealand/Aotearoa,Canterbury,Christchurch City,Christchurch,NewZealandDick Myers,779,1978,Flanker,1,0,1,0,0,0,Hamilton,Canada,Ontario,Hamilton,Missing,NewZealandClive Currie,789,1978,Fullback,2,2,0,0,0,0,Wellington,New Zealand/Aotearoa,Wellington,Wellington City,Wellington,NewZealandDavid Loveridge,791,1978,Scrum-half,24,19,4,1,3,12,Stratford,United Kingdom,England,West Midlands,Warwickshire,NewZealandMurray Taylor,770,1979,Fly-half,7,4,3,0,0,3,Hamilton,Canada,Ontario,Hamilton,Missing,NewZealandMurray Watts,793,1979,Wing,5,2,3,0,1,4,Patea,New Zealand/Aotearoa,Taranaki,South Taranaki District,Patea,NewZealandWayne Graham,792,1979,Flanker,1,1,0,0,0,0,Tauranga,New Zealand/Aotearoa,Bay of Plenty,Tauranga City,Tauranga,NewZealandGary Cunningham,794,1979,Five-eighth,5,3,2,0,0,0,Auckland,New Zealand/Aotearoa,Auckland,Missing,Missing,NewZealandMike McCool,795,1979,Lock,1,0,1,0,0,0,Hastings,United Kingdom,England,South East,East Sussex,NewZealandEddie Dunn,790,1979,Fly-half,2,2,0,0,1,4,Te Kopuru,New Zealand/Aotearoa,Northland,Kaipara District,Te Kopuru,NewZealandJohn Fleming,785,1979,Lock,5,3,2,0,1,4,Auckland,New Zealand/Aotearoa,Auckland,Missing,Missing,NewZealandBernie Fraser,797,1979,Wing,23,17,5,1,6,24,Lautoka,Viti,Lautoka,Missing,Missing,NewZealandMurray Mexted,798,1979,No. 8,34,26,6,2,4,16,Wellington,New Zealand/Aotearoa,Wellington,Wellington City,Wellington,NewZealandJohn Spiers,761,1979,Prop,5,5,0,0,0,0,Otahuhu,New Zealand/Aotearoa,Auckland,Mangere-Otahuhu,Å‘tóÅhuhu,NewZealandRichard Wilson,764,1979,Fullback,2,2,0,0,0,10,Leeston,New Zealand/Aotearoa,Canterbury,Selwyn District,Leeston,NewZealandPeter Sloane,726,1979,Hooker,1,1,0,0,0,0,Whangarei,New Zealand/Aotearoa,Northland,Whangarei District,Whangarei,NewZealandBrett Codlin,807,1980,Fullback,3,1,2,0,0,23,Pukekohe,New Zealand/Aotearoa,Auckland,Franklin,Pukekohe,NewZealandHika Reid,809,1980,Hooker,9,4,3,2,2,8,Rotorua,New Zealand/Aotearoa,Bay of Plenty,Rotorua District,Rotorua,NewZealandMark Shaw,810,1980,Flanker,30,21,7,2,6,24,Palmerston North,New Zealand/Aotearoa,Manawatu-Wanganui,Palmerston North City,Palmerston North,NewZealandWayne Smith,806,1980,Fly-half,17,11,4,2,0,6,Putaruru,New Zealand/Aotearoa,Waikato,South Waikato District,Putaruru,NewZealandTim Twigden,803,1980,Wing,2,1,1,0,0,0,Taumarunui,New Zealand/Aotearoa,Manawatu-Wanganui,Ruapehu District,Taumarunui,NewZealandNicky Allen,812,1980,Fly-half,2,1,1,0,1,4,Auckland,New Zealand/Aotearoa,Auckland,Missing,Missing,NewZealandLachlan Cameron,796,1980,Five-eighth,5,3,2,0,0,0,Hamilton,Canada,Ontario,Hamilton,Missing,NewZealandGeoffrey Hines,805,1980,Flanker,1,0,1,0,0,0,Tokoroa,New Zealand/Aotearoa,Waikato,South Waikato District,Tokoroa,NewZealandGraeme Higginson,808,1980,Lock,6,5,1,0,0,0,Rangiora,New Zealand/Aotearoa,Canterbury,Waimakariri District,Rangiora,NewZealandRod Ketels,802,1980,Prop,5,5,0,0,0,0,Papakura,New Zealand/Aotearoa,Auckland,Papakura,Missing,NewZealandDouglas Rollerson,758,1980,Fly-half,8,7,1,0,1,24,Papakura,New Zealand/Aotearoa,Auckland,Papakura,Missing,NewZealandAllan Hewson,804,1981,Fullback,19,16,3,0,4,201,Lower Hutt,New Zealand/Aotearoa,Wellington,Lower Hutt City,Lower Hutt,NewZealandAndy Jefferd,815,1981,Five-eighth,3,3,0,0,0,0,Gisborne,New Zealand/Aotearoa,Gisborne,Missing,Missing,NewZealandHaydn Rickit,824,1981,Lock,2,2,0,0,0,0,Taupo,New Zealand/Aotearoa,Waikato,Taupo District,Taupo,NewZealandFreddy Woodman,822,1981,Wing,3,2,1,0,0,0,Kaikohe,New Zealand/Aotearoa,Northland,Far North District,Kaikohe,NewZealandGreg Burgess,816,1981,Prop,1,0,1,0,0,0,Auckland,New Zealand/Aotearoa,Auckland,Missing,Missing,NewZealandGeoff Old,817,1981,Flanker,3,3,0,0,0,0,Eltham,United Kingdom,England,Greater London,London,NewZealandSteve Pokere,825,1981,Centre,18,15,2,1,2,8,Hawera,New Zealand/Aotearoa,Taranaki,South Taranaki District,Hawera,NewZealandFrank Shelford,826,1981,Flanker,4,4,0,0,0,0,Waioeka,Indonesia,Maluku,Waihoka,Missing,NewZealandGary Whetton,827,1981,Lock,58,50,6,2,1,4,Auckland,New Zealand/Aotearoa,Auckland,Missing,Missing,NewZealandJamie Salmon,818,1981,Centre,15,7,8,0,2,8,1959,Alg’©rie ¿_ªÜ¿Œ¿_¿_¿_¿±,S’©tif - ¿_¿àª_ªÅ_—_,Da’Àra Bir El Arch,El Oueldja,NewZealandArthur Stone,832,1981,Five-eighth,9,6,3,0,1,7,Auckland,New Zealand/Aotearoa,Auckland,Missing,Missing,NewZealandPaul Koteka,831,1981,Prop,2,2,0,0,0,0,Tokoroa,New Zealand/Aotearoa,Waikato,South Waikato District,Tokoroa,NewZealandIan Dunn,835,1983,Fly-half,3,3,0,0,0,0,Te Kopuru,New Zealand/Aotearoa,Northland,Kaipara District,Te Kopuru,NewZealandJock Hobbs,836,1983,Flanker,21,15,4,2,4,16,Christchurch,New Zealand/Aotearoa,Canterbury,Christchurch City,Christchurch,NewZealandWarwick Taylor,837,1983,Five-eighth,24,21,1,2,5,20,Hamilton,Canada,Ontario,Hamilton,Missing,NewZealandAlbert Anderson,847,1983,Lock,6,3,2,1,0,0,Christchurch,New Zealand/Aotearoa,Canterbury,Christchurch City,Christchurch,NewZealandGary Braid,839,1983,Lock,2,0,1,1,0,0,Tauranga,New Zealand/Aotearoa,Bay of Plenty,Tauranga City,Tauranga,NewZealandScott Crichton,840,1983,Prop,2,0,1,1,0,0,Wanganui,New Zealand/Aotearoa,Manawatu-Wanganui,Wanganui District,Whanganui,NewZealandRobbie Deans,841,1983,Fullback,5,2,2,1,0,50,Cheviot,United States of America,Ohio,Hamilton County,Cheviot,NewZealandAndy Donald,828,1983,Scrum-half,7,4,2,1,0,0,Wanganui,New Zealand/Aotearoa,Manawatu-Wanganui,Wanganui District,Whanganui,NewZealandBrian McGrattan,850,1983,Prop,6,2,2,2,0,0,Wellington,New Zealand/Aotearoa,Wellington,Wellington City,Wellington,NewZealandCraig Green,842,1983,Wing,20,14,4,2,11,44,Christchurch,New Zealand/Aotearoa,Canterbury,Christchurch City,Christchurch,NewZealandMurray Davie,849,1983,Prop,1,0,1,0,1,4,Christchurch,New Zealand/Aotearoa,Canterbury,Christchurch City,Christchurch,NewZealandJohn Kirwan,854,1984,Wing,63,48,12,3,35,143,Auckland,New Zealand/Aotearoa,Auckland,Missing,Missing,NewZealandBruce Smith,845,1984,Wing,3,2,1,0,1,4,Wairoa,New Zealand/Aotearoa,Hawke's Bay,Wairoa District,Wairoa,NewZealandAlan Whetton,853,1984,Flanker,35,31,3,1,10,40,Auckland,New Zealand/Aotearoa,Auckland,Missing,Missing,NewZealandMichael Clamp,851,1984,Wing,2,2,0,0,1,4,Wellington,New Zealand/Aotearoa,Wellington,Wellington City,Wellington,NewZealandKieran Crowley,848,1985,Fullback,19,14,4,1,5,105,Kaponga,New Zealand/Aotearoa,Taranaki,South Taranaki District,Kaponga,NewZealandDavid Kirk,843,1985,Scrum-half,17,14,3,0,6,24,Wellington,New Zealand/Aotearoa,Wellington,Wellington City,Wellington,NewZealandMurray Pierce,852,1985,Lock,26,23,2,1,0,0,Timaru,New Zealand/Aotearoa,Canterbury,Timaru District,Timaru,NewZealandGrant Fox,857,1985,Fly-half,46,38,7,1,1,645,New Plymouth,New Zealand/Aotearoa,Taranaki,New Plymouth District,New Plymouth,NewZealandSteve McDowall,862,1985,Prop,46,38,6,2,3,12,Rotorua,New Zealand/Aotearoa,Bay of Plenty,Rotorua District,Rotorua,NewZealandVictor Simpson,864,1985,Centre,2,1,0,1,0,0,Gisborne,New Zealand/Aotearoa,Gisborne,Missing,Missing,NewZealandKevin Boroevich,838,1986,Prop,3,1,2,0,0,0,Te Kuiti,New Zealand/Aotearoa,Waikato,Waitomo District,Te Kuiti,NewZealandFrano Botica,866,1986,Fly-half,7,4,3,0,0,6,Mangakino,New Zealand/Aotearoa,Waikato,Taupo District,Mangakino,NewZealandMike Brewer,867,1986,Back-row,32,22,9,1,1,4,Pukekohe,New Zealand/Aotearoa,Auckland,Franklin,Pukekohe,NewZealandMark Brooke-Cowden,868,1986,Flanker,3,2,1,0,2,8,Auckland,New Zealand/Aotearoa,Auckland,Missing,Missing,NewZealandGreg Cooper,869,1986,Fullback,7,5,2,0,2,63,Gisborne,New Zealand/Aotearoa,Gisborne,Missing,Missing,NewZealandAndy Earl,870,1986,Flanker,14,10,4,0,3,12,Christchurch,New Zealand/Aotearoa,Canterbury,Christchurch City,Christchurch,NewZealandSean Fitzpatrick,871,1986,Hooker,92,74,16,2,12,55,Auckland,New Zealand/Aotearoa,Auckland,Missing,Missing,NewZealandBrett Harvey,872,1986,Flanker,1,1,0,0,0,0,Palmerston North,New Zealand/Aotearoa,Manawatu-Wanganui,Palmerston North City,Palmerston North,NewZealandGordon Macpherson,873,1986,Lock,1,1,0,0,0,0,Gisborne,New Zealand/Aotearoa,Gisborne,Missing,Missing,NewZealandJoe Stanley,874,1986,Centre,27,23,3,1,4,16,Auckland,New Zealand/Aotearoa,Auckland,Missing,Missing,NewZealandTerry Wright,875,1986,Wing,30,26,3,1,18,72,Takapuna,New Zealand/Aotearoa,Auckland,Devonport-Takapuna,Takapuna,NewZealandBrent Anderson,876,1986,Lock,1,0,1,0,0,0,Lower Hutt,New Zealand/Aotearoa,Wellington,Lower Hutt City,Lower Hutt,NewZealandMichael Speight,877,1986,Lock,1,0,1,0,0,0,Auckland,New Zealand/Aotearoa,Auckland,Missing,Missing,NewZealandMarty Berry,878,1986,"Fly-half, Centre",1,0,1,0,0,0,Wellington,New Zealand/Aotearoa,Wellington,Wellington City,Wellington,NewZealandJohn Drake,865,1986,Prop,8,7,1,0,1,4,Auckland,New Zealand/Aotearoa,Auckland,Missing,Missing,NewZealandBuck Shelford,860,1986,No. 8,22,20,1,1,5,20,Rotorua,New Zealand/Aotearoa,Bay of Plenty,Rotorua District,Rotorua,NewZealandJohn Gallagher,879,1987,Fullback,18,17,0,1,13,52,London,United Kingdom,England,Greater London,London,NewZealandMichael Jones,882,1986,Flanker,56,43,11,2,13,56,Auckland,New Zealand/Aotearoa,Auckland,Missing,Missing,NewZealandRichard Loe,881,1987,Prop,49,37,10,2,6,25,Chevot,United States of America,47906,Indiana,Tippecanoe County,NewZealandZinzan Brooke,883,1987,No. 8,58,45,11,2,17,89,Waiuku,New Zealand/Aotearoa,Auckland,Franklin,Waiuku,NewZealandBernie McCahill,884,1987,Five-eighth,10,9,1,0,1,4,Auckland,New Zealand/Aotearoa,Auckland,Missing,Missing,NewZealandBruce Deans,891,1988,Scrum-half,10,9,0,1,6,24,Cheviot,United States of America,Ohio,Hamilton County,Cheviot,NewZealandJohn Schuster,889,1988,Centre,13,10,1,2,1,21,Western Samoa,United States of America,95503,California,Humboldt County,NewZealandGraeme Bachop,885,1989,Scrum-half,39,28,10,1,4,18,Christchurch,New Zealand/Aotearoa,Canterbury,Christchurch City,Christchurch,NewZealandCraig Innes,901,1989,Centre,17,14,3,0,6,24,New Plymouth,New Zealand/Aotearoa,Taranaki,New Plymouth District,New Plymouth,NewZealandIan Jones,902,1990,Lock,79,59,18,2,9,42,Whangarei,New Zealand/Aotearoa,Northland,Whangarei District,Whangarei,NewZealandWalter Little,898,1990,Five-eighth,50,37,12,1,9,44,Tokoroa,New Zealand/Aotearoa,Waikato,South Waikato District,Tokoroa,NewZealandKevin Schuler,904,1990,Flanker,4,3,1,0,0,0,Te Aroha,New Zealand/Aotearoa,Waikato,Matamata Piako District,Te Aroha,NewZealandPaul Henderson,897,1991,No. 8,7,6,1,0,2,9,Bluff,New Zealand/Aotearoa,Southland,Invercargill City,Bluff,NewZealandJohn Timu,905,1991,Fullback,26,16,9,1,7,31,Dannevirke,New Zealand/Aotearoa,Manawatu-Wanganui,Tararua District,Dannevirke,NewZealandMark Carter,912,1991,Flanker,7,5,2,0,0,0,Auckland,New Zealand/Aotearoa,Auckland,Missing,Missing,NewZealandJon Preston,913,1991,Scrum-half,10,9,1,0,1,34,Dunedin,New Zealand/Aotearoa,Otago,Dunedin City,Dunedin,NewZealandGraham Purvis,899,1991,Prop,2,2,0,0,1,4,Waihi,New Zealand/Aotearoa,Waikato,Hauraki District,Waihi,NewZealandInga Tuigamala,900,1991,"Wing, Centre",41,27,14,0,8,36,Western Samoa,United States of America,95503,California,Humboldt County,NewZealandJason Hewett,914,1991,Scrum-half,1,1,0,0,1,4,Clyde,United States of America,94520,California,Contra Costa County,NewZealandShayne Philpott,895,1991,Fullback,2,2,0,0,0,0,Christchurch,New Zealand/Aotearoa,Canterbury,Christchurch City,Christchurch,NewZealandFrank Bunce,915,1991,Centre,59,44,13,2,21,100,Auckland,New Zealand/Aotearoa,Auckland,Missing,Missing,NewZealandMark Cooksley,916,1992,Lock,11,5,6,0,0,0,Auckland,New Zealand/Aotearoa,Auckland,Missing,Missing,NewZealandRichard Turner,917,1992,Flanker,2,1,1,0,1,4,Napier,New Zealand/Aotearoa,Hawke's Bay,Napier City,Napier,NewZealandArran Pene,918,1992,No. 8,15,9,6,0,4,16,Hamilton,Canada,Ontario,Hamilton,Missing,NewZealandEroni Clarke,919,1992,Five-eighth,10,6,4,0,6,25,Western Samoa,United States of America,95503,California,Humboldt County,NewZealandJamie Joseph,920,1992,Flanker,29,21,8,0,3,15,Blenheim,New Zealand/Aotearoa,Marlborough,Blenheim,Missing,NewZealandBlair Larsen,921,1992,Flanker,17,12,4,1,1,4,Northshore,Canada,Ontario,Northshore,Missing,NewZealandAnt Strachan,922,1992,Scrum-half,11,8,3,0,2,8,Te Awamutu,New Zealand/Aotearoa,Waikato,Waipa District,Te Awamutu,NewZealandGraham Dowd,923,1992,Prop,1,1,0,0,0,0,Takapuna,New Zealand/Aotearoa,Auckland,Devonport-Takapuna,Takapuna,NewZealandRobin Brooke,924,1992,Lock,62,47,13,2,4,20,Warkworth,New Zealand/Aotearoa,Auckland,Rodney,Warkworth,NewZealandOlo Brown,910,1992,Prop,56,40,14,2,4,20,Western Samoa,United States of America,95503,California,Humboldt County,NewZealandMatthew Cooper,887,1992,Five-eighth,8,6,2,0,2,55,Gisborne,New Zealand/Aotearoa,Gisborne,Missing,Missing,NewZealandCraig Dowd,931,1993,Prop,60,47,13,0,2,10,Auckland,New Zealand/Aotearoa,Auckland,Missing,Missing,NewZealandLee Stensness,932,1993,"Centre, Five-eighth",8,8,0,0,3,15,Auckland,New Zealand/Aotearoa,Auckland,Missing,Missing,NewZealandBull Allen,933,1993,Prop,8,7,0,1,1,5,Stratford,United Kingdom,England,West Midlands,Warwickshire,NewZealandMarc Ellis,926,1993,Wing,8,6,2,0,11,55,Wellington,New Zealand/Aotearoa,Wellington,Wellington City,Wellington,NewZealandStu Forster,934,1993,Scrum-half,6,2,4,0,0,0,Pahiatua,New Zealand/Aotearoa,Manawatu-Wanganui,Tararua District,Pahiatua,NewZealandSteve Gordon,896,1993,Lock,2,1,1,0,0,0,Te Awamutu,New Zealand/Aotearoa,Waikato,Waipa District,Te Awamutu,NewZealandJeff Wilson,935,1993,Wing,60,45,14,1,44,234,Invercargill,New Zealand/Aotearoa,Southland,Invercargill City,Invercargill,NewZealandJonah Lomu,941,1994,Wing,63,44,17,2,37,185,Auckland,New Zealand/Aotearoa,Auckland,Missing,Missing,NewZealandSimon Mannix,908,1994,Fly-half,1,0,1,0,0,0,Lower Hutt,New Zealand/Aotearoa,Wellington,Lower Hutt City,Lower Hutt,NewZealandStephen Bachop,925,1991,Fly-half,23,12,10,1,4,64,Lyttelton,New Zealand/Aotearoa,Canterbury,Christchurch City,Christchurch,NewZealandShane Howarth,939,1994,"Fly-half, Fullback",23,14,8,1,5,77,Auckland,New Zealand/Aotearoa,Auckland,Missing,Missing,NewZealandAlama Ieremia,942,1992,Five-eighth,35,27,7,1,5,25,Western Samoa,United States of America,95503,California,Humboldt County,NewZealandJosh Kronfeld,943,1995,Flanker,54,42,11,1,14,70,Hastings,United Kingdom,England,South East,East Sussex,NewZealandAndrew Mehrtens,944,1995,Fly-half,70,49,19,2,7,967,Durban,South Africa,KwaZulu-Natal,eThekwini Metropolitan Municipality,Durban,NewZealandGlen Osborne,945,1995,Fullback,19,16,3,0,11,55,Wanganui,New Zealand/Aotearoa,Manawatu-Wanganui,Wanganui District,Whanganui,NewZealandNorm Hewitt,938,1995,Hooker,9,8,0,1,0,0,Hastings,United Kingdom,England,South East,East Sussex,NewZealandEric Rush,927,1995,Wing,9,8,1,0,5,25,Auckland,New Zealand/Aotearoa,Auckland,Missing,Missing,NewZealandSimon Culhane,946,1995,Fly-half,6,5,1,0,1,114,Invercargill,New Zealand/Aotearoa,Southland,Invercargill City,Invercargill,NewZealandLiam Barry,936,1995,Flanker,1,1,0,0,0,0,Takapuna,New Zealand/Aotearoa,Auckland,Devonport-Takapuna,Takapuna,NewZealandJustin Marshall,948,1995,Scrum-half,81,61,19,1,24,120,Mataura,New Zealand/Aotearoa,Southland,Gore District,Mataura,NewZealandChristian Cullen,952,1996,Fullback,58,42,14,2,46,236,Paraparaumu,New Zealand/Aotearoa,Wellington,Kapiti Coast District,Paraparaumu,NewZealandScott McLeod,953,1996,Centre,10,7,2,1,1,5,S Brisbane,Australia,4101,Queensland,Brisbane,NewZealandAdrian Cashmore,954,1996,Fullback,2,2,0,0,0,0,Tokoroa,New Zealand/Aotearoa,Waikato,South Waikato District,Tokoroa,NewZealandAndrew Blowers,956,1996,Back-row,11,10,1,0,0,0,Otahuhu,New Zealand/Aotearoa,Auckland,Mangere-Otahuhu,Å‘tóÅhuhu,NewZealandGlenn Taylor,930,1996,Flanker,1,0,1,0,0,0,Whangarei,New Zealand/Aotearoa,Northland,Whangarei District,Whangarei,NewZealandTaine Randell,949,1997,Back-row,51,35,14,2,12,60,Hastings,United Kingdom,England,South East,East Sussex,NewZealandTana Umaga,961,1997,"Wing, Centre",74,59,14,1,36,180,Lower Hutt,New Zealand/Aotearoa,Wellington,Lower Hutt City,Lower Hutt,NewZealandAnton Oliver,960,1997,Hooker,59,42,17,0,3,15,Invercargill,New Zealand/Aotearoa,Southland,Invercargill City,Invercargill,NewZealandCharles Riechelmann,962,1997,Flanker,6,5,0,1,1,5,Nuku'alofa,Tonga,Tongatapu,Vahe Kolofo'ou,Nuku'alofa,NewZealandJunior Tonu'u,957,1992,Scrum-half,9,7,2,0,1,5,Wellington,New Zealand/Aotearoa,Wellington,Wellington City,Wellington,NewZealandCarlos Spencer,951,1997,"Fullback, Fly-half",35,27,7,1,14,291,Levin,New Zealand/Aotearoa,Manawatu-Wanganui,Horowhenua District,Levin,NewZealandMark Mayerhofler,969,1998,Centre,6,2,4,0,2,10,Auckland,New Zealand/Aotearoa,Auckland,Missing,Missing,NewZealandTodd Blackadder,947,1998,"Lock, Flanker",12,9,3,0,1,5,Rangiora,New Zealand/Aotearoa,Canterbury,Waimakariri District,Rangiora,NewZealandMark Robinson,965,1998,Scrum-half,3,3,0,0,1,5,Palmerston North,New Zealand/Aotearoa,Manawatu-Wanganui,Palmerston North City,Palmerston North,NewZealandCaleb Ralph,970,1998,"Centre, Wing",14,12,2,0,8,40,Rotorua,New Zealand/Aotearoa,Bay of Plenty,Rotorua District,Rotorua,NewZealandCarl Hoeft,971,1998,Prop,30,20,10,0,0,0,Auckland,New Zealand/Aotearoa,Auckland,Missing,Missing,NewZealandIsitolo Maka,972,1998,No. 8,4,1,3,0,1,5,Longoteme,Tonga,Tongatapu,Vahe Vaini,Longoteme,NewZealandJoeli Vidiri,973,1994,Wing,9,2,7,0,6,30,Nausori Highland,g,n,i,s,NewZealandScott Robertson,974,1998,No. 8,23,17,6,0,4,20,Tauranga,New Zealand/Aotearoa,Bay of Plenty,Tauranga City,Tauranga,NewZealandRoyce Willis,975,1998,Lock,12,7,5,0,0,0,Tokoroa,New Zealand/Aotearoa,Waikato,South Waikato District,Tokoroa,NewZealandNorm Berryman,976,1998,Centre,1,0,1,0,0,0,Wellington,New Zealand/Aotearoa,Wellington,Wellington City,Wellington,NewZealandKees Meeuws,977,1998,Prop,42,31,10,1,10,50,Auckland,New Zealand/Aotearoa,Auckland,Missing,Missing,NewZealandXavier Rush,978,1998,No. 8,8,5,3,0,0,0,Auckland,New Zealand/Aotearoa,Auckland,Missing,Missing,NewZealandTony Brown,980,1999,Fly-half,18,15,3,0,5,171,Blenheim,New Zealand/Aotearoa,Marlborough,Blenheim,Missing,NewZealandDaryl Gibson,985,1999,Centre,19,15,4,0,1,5,Lumsden,New Zealand/Aotearoa,Southland,Lumsden,Missing,NewZealandNorm Maxwell,986,1999,Lock,36,28,8,0,5,25,Rawene,New Zealand/Aotearoa,Northland,Far North District,Rawene,NewZealandDylan Mika,982,1994,Back-row,9,6,3,0,1,5,Auckland,New Zealand/Aotearoa,Auckland,Missing,Missing,NewZealandGreg Feek,987,1999,Prop,10,9,1,0,0,0,New Plymouth,New Zealand/Aotearoa,Taranaki,New Plymouth District,New Plymouth,NewZealandByron Kelleher,983,1999,Scrum-half,57,46,11,0,8,40,Dunedin,New Zealand/Aotearoa,Otago,Dunedin City,Dunedin,NewZealandPita Alatini,979,1995,Centre,18,13,5,0,6,30,Nuku'alofa,Tonga,Tongatapu,Vahe Kolofo'ou,Nuku'alofa,NewZealandMark Hammett,984,1999,Hooker,29,25,4,0,3,15,Christchurch,New Zealand/Aotearoa,Canterbury,Christchurch City,Christchurch,NewZealandReuben Thorne,988,1999,"Flanker, Lock",50,42,8,0,5,25,Burwood,Australia,Burwood,Missing,Missing,NewZealandRhys Duggan,989,1999,Scrum-half,1,1,0,0,0,0,Rotorua,New Zealand/Aotearoa,Bay of Plenty,Rotorua District,Rotorua,NewZealandTroy Flavell,990,2000,Lock,22,17,5,0,6,30,Otahuhu,New Zealand/Aotearoa,Auckland,Mangere-Otahuhu,Å‘tóÅhuhu,NewZealandGreg Somerville,991,2000,Prop,66,55,11,0,1,5,Wairoa,New Zealand/Aotearoa,Hawke's Bay,Wairoa District,Wairoa,NewZealandDoug Howlett,992,2000,Wing,62,51,10,1,49,245,Auckland,New Zealand/Aotearoa,Auckland,Missing,Missing,NewZealandFilo Tiatia,993,2000,"Back-row, Lock",2,2,0,0,2,10,Wellington,New Zealand/Aotearoa,Wellington,Wellington City,Wellington,NewZealandRon Cribb,994,2000,No. 8,15,10,5,0,4,20,Wanganui,New Zealand/Aotearoa,Manawatu-Wanganui,Wanganui District,Whanganui,NewZealandLeon MacDonald,995,2000,Fly-half,56,48,8,0,14,141,Blenheim,New Zealand/Aotearoa,Marlborough,Blenheim,Missing,NewZealandMark Robinson,996,2000,Centre,9,7,1,1,1,5,Stratford,United Kingdom,England,West Midlands,Warwickshire,NewZealandGordon Slater,968,2000,Prop,3,2,1,0,1,5,New Plymouth,New Zealand/Aotearoa,Taranaki,New Plymouth District,New Plymouth,NewZealandBruce Reihana,997,2000,Fullback,2,1,1,0,2,10,Thames,New Zealand/Aotearoa,Waikato,Thames Coromandel District,Thames,NewZealandJason O'Halloran,998,2000,Five-eighth,1,1,0,0,0,0,Lower Hutt,New Zealand/Aotearoa,Wellington,Lower Hutt City,Lower Hutt,NewZealandMarty Holah,999,2001,Flanker,36,27,8,1,3,15,Hamilton,Canada,Ontario,Hamilton,Missing,NewZealandCarl Hayman,1000,2001,Prop,45,36,8,1,2,10,Opunake,New Zealand/Aotearoa,Taranaki,South Taranaki District,Opunake,NewZealandMark Ranby,1001,2001,Centre,1,1,0,0,0,0,Putaruhu,g,n,i,s,NewZealandJerry Collins,1002,2001,Flanker,48,42,6,0,5,25,Western Samoa,United States of America,95503,California,Humboldt County,NewZealandChris Jack,1003,2001,Lock,67,57,10,0,5,25,Christchurch,New Zealand/Aotearoa,Canterbury,Christchurch City,Christchurch,NewZealandRichie McCaw,1014,2001,Flanker,137,121,14,2,25,125,Oamaru,New Zealand/Aotearoa,Otago,Waitaki District,Oamaru,NewZealandAaron Mauger,1013,2001,Centre,45,39,6,0,13,90,Christchurch,New Zealand/Aotearoa,Canterbury,Christchurch City,Christchurch,NewZealandDave Hewett,1005,2001,Prop,22,19,3,0,2,10,Christchurch,New Zealand/Aotearoa,Canterbury,Christchurch City,Christchurch,NewZealandBen Blair,1004,2001,Fullback,4,3,1,0,0,4,Westport,United States of America,Connecticut,Fairfield County,Westport,NewZealandDion Waller,1011,2001,Lock,1,1,0,0,0,0,Turangi,New Zealand/Aotearoa,Waikato,Taupo District,Turangi,NewZealandJoe McDonnell,1015,2002,Prop,8,5,2,1,1,5,Hastings,United Kingdom,England,South East,East Sussex,NewZealandSimon Maling,1007,2002,Lock,11,9,2,0,0,0,Christchurch,New Zealand/Aotearoa,Canterbury,Christchurch City,Christchurch,NewZealandTom Willis,1012,2002,Hooker,5,4,1,0,0,0,Dunedin,New Zealand/Aotearoa,Otago,Dunedin City,Dunedin,NewZealandSam Harding,1016,2002,Flanker,1,1,0,0,0,0,Subiaco,Italia,LAZ,Roma Capitale,Subiaco,NewZealandSam Broomhall,1017,2002,Back-row,4,2,1,1,0,0,Christchurch,New Zealand/Aotearoa,Canterbury,Christchurch City,Christchurch,NewZealandSteve Devine,1018,2002,Scrum-half,10,8,2,0,0,0,NSW,Australia,New South Wales,Missing,Missing,NewZealandAndrew Hore,1019,2002,Hooker,83,70,11,2,8,40,Dunedin,New Zealand/Aotearoa,Otago,Dunedin City,Dunedin,NewZealandKeith Lowen,1020,2002,Centre,1,0,1,0,0,0,Huntly,United Kingdom,Scotland,Aberdeenshire,Huntly,NewZealandKeith Robinson,1021,2002,Lock,12,9,2,1,0,0,Te Aroha,New Zealand/Aotearoa,Waikato,Matamata Piako District,Te Aroha,NewZealandAli Williams,1022,2002,Lock,77,65,11,1,7,35,Auckland,New Zealand/Aotearoa,Auckland,Missing,Missing,NewZealandDanny Lee,1023,2002,Scrum-half,2,0,1,1,1,5,Hastings,United Kingdom,England,South East,East Sussex,NewZealandBrad Mika,1024,2002,Back-row,3,1,1,1,0,0,Auckland,New Zealand/Aotearoa,Auckland,Missing,Missing,NewZealandDan Braid,1027,2002,Flanker,6,5,1,0,1,5,Tauranga,New Zealand/Aotearoa,Bay of Plenty,Tauranga City,Tauranga,NewZealandRegan King,1029,2002,Centre,1,1,0,0,1,5,Cambridge,United Kingdom,England,East of England,Cambridgeshire,NewZealandKeven Mealamu,1026,2002,Hooker,123,105,16,2,12,60,Tokoroa,New Zealand/Aotearoa,Waikato,South Waikato District,Tokoroa,NewZealandRodney So'oialo,1028,2002,Back-row,62,53,9,0,6,30,Western Samoa,United States of America,95503,California,Humboldt County,NewZealandTony Woodcock,1025,2002,Prop,110,95,14,1,9,45,Helensville,New Zealand/Aotearoa,Auckland,Rodney,Helensville,NewZealandPaul Steinmetz,1030,2002,Centre,1,1,0,0,0,0,Paraparaumu,New Zealand/Aotearoa,Wellington,Kapiti Coast District,Paraparaumu,NewZealandMa'a Nonu,1031,2003,Centre,94,82,10,2,26,130,Wellington,New Zealand/Aotearoa,Wellington,Wellington City,Wellington,NewZealandJoe Rokocoko,1032,2003,Centre,68,55,13,0,46,230,Nadi,Viti,Nadi,Missing,Missing,NewZealandMils Muliaina,1033,2003,Fullback,100,84,16,0,34,170,Western Samoa,United States of America,95503,California,Humboldt County,NewZealandDan Carter,1034,2003,Fly-half,102,90,11,1,29,1457,Leeston,New Zealand/Aotearoa,Canterbury,Selwyn District,Leeston,NewZealandBrad Thorn,1035,2003,Lock,59,51,8,0,4,20,Mosgiel,New Zealand/Aotearoa,Otago,Dunedin City,Mosgiel,NewZealandCorey Flynn,1036,2003,Hooker,15,15,0,0,3,15,Invercargill,New Zealand/Aotearoa,Southland,Invercargill City,Invercargill,NewZealandBen Atiga,1037,2003,Centre,1,1,0,0,0,0,Auckland,New Zealand/Aotearoa,Auckland,Missing,Missing,NewZealandJono Gibbes,1038,2004,"Flanker, Lock",8,6,2,0,0,0,Henderson,United States of America,Illinois,Henderson County,Missing,NewZealandNick Evans,1039,2004,Fly-half,16,15,1,0,5,103,Takapuna,New Zealand/Aotearoa,Auckland,Devonport-Takapuna,Takapuna,NewZealandSam Tuitupou,1040,2004,Centre,9,7,2,0,1,5,Auckland,New Zealand/Aotearoa,Auckland,Missing,Missing,NewZealandCraig Newby,1041,2004,Back-row,3,2,1,0,0,0,Rotorua,New Zealand/Aotearoa,Bay of Plenty,Rotorua District,Rotorua,NewZealandMose Tuiali'i,1042,2004,Back-row,9,7,2,0,1,5,Auckland,New Zealand/Aotearoa,Auckland,Missing,Missing,NewZealandRico Gear,1043,2004,"Wing, Centre",19,16,3,0,11,55,Gisborne,New Zealand/Aotearoa,Gisborne,Missing,Missing,NewZealandConrad Smith,1044,2004,Centre,85,76,8,1,25,125,Hawera,New Zealand/Aotearoa,Taranaki,South Taranaki District,Hawera,NewZealandSaimone Taumoepeau,1045,2004,Prop,3,3,0,0,1,5,Ha'apai,Tonga,Tongatapu,Hunga Ha__apai,Missing,NewZealandSteven Bates,1047,2004,Back-row,1,1,0,0,0,0,Auckland,New Zealand/Aotearoa,Auckland,Missing,Missing,NewZealandJimmy Cowan,1046,2004,Scrum-half,51,44,7,0,7,35,Gore,New Zealand/Aotearoa,Southland,Gore District,Gore,NewZealandCasey Laulala,1048,2004,Centre,2,2,0,0,0,0,Western Samoa,United States of America,95503,California,Humboldt County,NewZealandPiri Weepu,1049,2004,Scrum-half,71,62,8,1,7,103,Lower Hutt,New Zealand/Aotearoa,Wellington,Lower Hutt City,Lower Hutt,NewZealandJames Ryan,1051,2005,Lock,9,9,0,0,0,0,Christchurch,New Zealand/Aotearoa,Canterbury,Christchurch City,Christchurch,NewZealandSitiveni Sivivatu,1052,2004,Wing,48,37,11,0,33,165,Suva,Viti,Central,Suva,Missing,NewZealandDerren Witcombe,1053,2005,Hooker,5,4,1,0,0,0,Tasmania,Australia,Tasmania,Missing,Missing,NewZealandSosene Anesi,1054,2005,"Wing, Fullback",1,1,0,0,0,0,Western Samoa,United States of America,95503,California,Humboldt County,NewZealandCampbell Johnstone,1056,2005,Prop,3,3,0,0,0,0,Waipukarau,g,n,i,s,NewZealandSione Lauaki,1055,2004,No. 8,20,15,5,0,6,30,Ha'apai,Tonga,Tongatapu,Hunga Ha__apai,Missing,NewZealandLuke McAlister,1057,2005,Fly-half,30,24,6,0,7,153,Waitara,New Zealand/Aotearoa,Taranaki,New Plymouth District,Waitara,NewZealandKevin Senio,1058,2005,Scrum-half,1,1,0,0,0,0,Auckland,New Zealand/Aotearoa,Auckland,Missing,Missing,NewZealandChris Masoe,1059,2005,No. 8,20,18,2,0,3,15,Western Samoa,United States of America,95503,California,Humboldt County,NewZealandNeemia Tialata,1060,2005,Prop,43,38,5,0,2,10,Lower Hutt,New Zealand/Aotearoa,Wellington,Lower Hutt City,Lower Hutt,NewZealandAngus Macdonald,1061,2005,Back-row,2,2,0,0,0,0,Whangarei,New Zealand/Aotearoa,Northland,Whangarei District,Whangarei,NewZealandJohn Afoa,1062,2005,Prop,36,28,8,0,1,5,Auckland,New Zealand/Aotearoa,Auckland,Missing,Missing,NewZealandJason Eaton,1063,2005,Lock,15,13,2,0,1,5,Palmerston North,New Zealand/Aotearoa,Manawatu-Wanganui,Palmerston North City,Palmerston North,NewZealandIsaia Toeava,1064,2005,"Centre, Fullback",36,30,6,0,8,40,Western Samoa,United States of America,95503,California,Humboldt County,NewZealandClarke Dermody,1065,2006,Prop,3,3,0,0,1,5,Invercargill,New Zealand/Aotearoa,Southland,Invercargill City,Invercargill,NewZealandGreg Rawlinson,1066,2006,Lock,4,4,0,0,0,0,Durban,South Africa,KwaZulu-Natal,eThekwini Metropolitan Municipality,Durban,NewZealandJerome Kaino,1050,2006,Back-row,56,47,8,1,9,45,American Samoa,United States of America,American Samoa,Missing,Missing,NewZealandDavid Hill,1006,2006,Fly-half,1,1,0,0,0,0,Blenheim,New Zealand/Aotearoa,Marlborough,Blenheim,Missing,NewZealandScott Hamilton,1067,2006,"Fullback, Wing",2,2,0,0,1,5,Christchurch,New Zealand/Aotearoa,Canterbury,Christchurch City,Christchurch,NewZealandAndy Ellis,1068,2006,Scrum-half,26,22,4,0,4,20,Christchurch,New Zealand/Aotearoa,Canterbury,Christchurch City,Christchurch,NewZealandBrendon Leonard,1069,2007,Scrum-half,13,11,2,0,2,10,Morrinsville,New Zealand/Aotearoa,Waikato,Matamata Piako District,Morrinsville,NewZealandRoss Filipo,1070,2007,Flanker,4,3,1,0,0,0,Lower Hutt,New Zealand/Aotearoa,Wellington,Lower Hutt City,Lower Hutt,NewZealandJohn Schwalger,1071,2007,Prop,2,2,0,0,1,5,Western Samoa,United States of America,95503,California,Humboldt County,NewZealandAnthony Tuitavake,1072,2008,Wing,6,5,1,0,1,5,Auckland,New Zealand/Aotearoa,Auckland,Missing,Missing,NewZealandAdam Thomson,1073,2008,Flanker,29,24,5,0,6,30,Ashburton,United Kingdom,England,South West England,Devon,NewZealandAnthony Boric,1074,2008,Lock,24,23,1,0,2,10,Auckland,New Zealand/Aotearoa,Auckland,Missing,Missing,NewZealandStephen Donald,1075,2008,Fly-half,23,18,5,0,1,98,Papakura,New Zealand/Aotearoa,Auckland,Papakura,Missing,NewZealandRichard Kahui,1076,2008,"Wing, Centre",17,15,2,0,10,50,Tokoroa,New Zealand/Aotearoa,Waikato,South Waikato District,Tokoroa,NewZealandRudi Wulf,1077,2008,Wing,4,3,1,0,0,0,Auckland,New Zealand/Aotearoa,Auckland,Missing,Missing,NewZealandKevin O'Neill,1078,2008,Lock,1,0,1,0,0,0,Te Aroha,New Zealand/Aotearoa,Waikato,Matamata Piako District,Te Aroha,NewZealandHosea Gear,1079,2008,Wing,14,12,1,1,6,30,Gisborne,New Zealand/Aotearoa,Gisborne,Missing,Missing,NewZealandCory Jane,1080,2008,Wing,53,45,6,2,18,90,Lower Hutt,New Zealand/Aotearoa,Wellington,Lower Hutt City,Lower Hutt,NewZealandJamie Mackintosh,1081,2008,Prop,1,1,0,0,0,0,Invercargill,New Zealand/Aotearoa,Southland,Invercargill City,Invercargill,NewZealandLiam Messam,1082,2008,Flanker,40,35,4,1,6,30,Blenheim,New Zealand/Aotearoa,Marlborough,Blenheim,Missing,NewZealandKieran Read,1083,2008,No. 8,72,62,8,2,17,85,Papakura,New Zealand/Aotearoa,Auckland,Papakura,Missing,NewZealandIsaac Ross,1088,2009,Lock,8,4,4,0,2,10,Ashburton,United Kingdom,England,South West England,Devon,NewZealandBryn Evans,1090,2009,Lock,2,1,1,0,0,0,Hastings,United Kingdom,England,South East,East Sussex,NewZealandTanerau Latimer,1089,2009,Flanker,5,4,1,0,0,0,Te Puke,New Zealand/Aotearoa,Bay of Plenty,Western Bay of Plenty District,Te Puke,NewZealandWyatt Crockett,1091,2009,Prop,36,34,1,1,1,5,Christchurch,New Zealand/Aotearoa,Canterbury,Christchurch City,Christchurch,NewZealandLelia Masaga,1092,2009,Wing,1,1,0,0,0,0,Wellington,New Zealand/Aotearoa,Wellington,Wellington City,Wellington,NewZealandAled de Malmanche,1095,2009,Hooker,5,5,0,0,0,0,Palmerston North,New Zealand/Aotearoa,Manawatu-Wanganui,Palmerston North City,Palmerston North,NewZealandOwen Franks,1094,2009,Prop,67,58,7,2,0,0,Motueka,New Zealand/Aotearoa,Tasman,Motueka,Missing,NewZealandGeorge Whitelock,1093,2009,Flanker,1,1,0,0,1,5,Palmerston North,New Zealand/Aotearoa,Manawatu-Wanganui,Palmerston North City,Palmerston North,NewZealandTom Donnelly,1096,2009,Lock,15,14,1,0,0,0,Rotorua,New Zealand/Aotearoa,Bay of Plenty,Rotorua District,Rotorua,NewZealandZac Guildford,1097,2009,Wing,10,9,1,0,6,30,Greytown,New Zealand/Aotearoa,Wellington,South Wairarapa District,Greytown,NewZealandMike Delany,1098,2009,Fly-half,1,1,0,0,0,0,Rotorua,New Zealand/Aotearoa,Bay of Plenty,Rotorua District,Rotorua,NewZealandTamati Ellison,1099,2009,Centre,4,4,0,0,0,0,Wellington,New Zealand/Aotearoa,Wellington,Wellington City,Wellington,NewZealandBen Smith,1100,2009,Fullback,38,34,2,2,16,80,Dunedin,New Zealand/Aotearoa,Otago,Dunedin City,Dunedin,NewZealandIsrael Dagg,1101,2010,Fullback,46,42,3,1,14,75,Marton,United Kingdom,England,North West England,Cheshire East,NewZealandBen Franks,1084,2010,Prop,41,38,2,1,2,10,VIC,Australia,Victoria,Missing,Missing,NewZealandBenson Stanley,1102,2010,Centre,3,3,0,0,0,0,NSW,Australia,New South Wales,Missing,Missing,NewZealandAaron Cruden,1105,2010,Fly-half,37,34,1,2,5,280,Palmerston North,New Zealand/Aotearoa,Manawatu-Wanganui,Palmerston North City,Palmerston North,NewZealandVictor Vito,1103,2010,Back-row,26,22,3,1,3,15,Wellington,New Zealand/Aotearoa,Wellington,Wellington City,Wellington,NewZealandSam Whitelock,1104,2010,Lock,62,55,5,2,4,20,Palmerston North,New Zealand/Aotearoa,Manawatu-Wanganui,Palmerston North City,Palmerston North,NewZealandRene Ranger,1106,2010,Centre,6,6,0,0,1,5,Whangarei,New Zealand/Aotearoa,Northland,Whangarei District,Whangarei,NewZealandAlby Mathewson,1087,2010,Scrum-half,4,3,1,0,0,0,Hastings,United Kingdom,England,South East,East Sussex,NewZealandColin Slade,1107,2010,Fly-half,17,15,2,0,3,76,Christchurch,New Zealand/Aotearoa,Canterbury,Christchurch City,Christchurch,NewZealandSonny Bill Williams,1108,2010,Centre,23,22,1,0,8,40,Auckland,New Zealand/Aotearoa,Auckland,Missing,Missing,NewZealandHika Elliot,1086,2010,Hooker,3,3,0,0,0,0,Hastings,United Kingdom,England,South East,East Sussex,NewZealandJarrad Hoeata,1109,2011,Back-row,3,2,1,0,0,0,Wellington,New Zealand/Aotearoa,Wellington,Wellington City,Wellington,NewZealandBrodie Retallick,1110,2012,Lock,36,33,1,2,1,5,Rangiora,New Zealand/Aotearoa,Canterbury,Waimakariri District,Rangiora,NewZealandJulian Savea,1111,2012,Wing,33,30,2,1,30,150,Wellington,New Zealand/Aotearoa,Wellington,Wellington City,Wellington,NewZealandAaron Smith,1112,2012,Scrum-half,38,34,2,2,11,57,Palmerston North,New Zealand/Aotearoa,Manawatu-Wanganui,Palmerston North City,Palmerston North,NewZealandSam Cane,1113,2012,Flanker,22,21,0,1,8,40,Rotorua,New Zealand/Aotearoa,Bay of Plenty,Rotorua District,Rotorua,NewZealandLuke Romano,1114,2012,Lock,17,15,1,1,1,5,Christchurch,New Zealand/Aotearoa,Canterbury,Christchurch City,Christchurch,NewZealandBeauden Barrett,1115,2012,Fly-half,28,26,1,1,6,119,New Plymouth,New Zealand/Aotearoa,Taranaki,New Plymouth District,New Plymouth,NewZealandCharlie Faumuina,1116,2012,Prop,27,24,2,1,1,5,South Auckland,Argentina,S2000,SFE,Departamento Rosario,NewZealandDane Coles,1117,2012,Hooker,27,24,2,1,2,10,Paraparaumu,New Zealand/Aotearoa,Wellington,Kapiti Coast District,Paraparaumu,NewZealandTawera Kerr-Barlow,1118,2012,Scrum-half,15,14,1,0,0,0,VIC,Australia,Victoria,Missing,Missing,NewZealandBen Afeaki,1119,2013,Prop,1,1,0,0,0,0,Auckland,New Zealand/Aotearoa,Auckland,Missing,Missing,NewZealandJeremy Thrush,1120,2013,Lock,11,10,1,0,2,10,Auckland,New Zealand/Aotearoa,Auckland,Missing,Missing,NewZealandSteven Luatua,1121,2013,Flanker,14,13,1,0,1,5,Auckland,New Zealand/Aotearoa,Auckland,Missing,Missing,NewZealandCharles Piutau,1122,2013,Fullback,14,14,0,0,4,20,Auckland,New Zealand/Aotearoa,Auckland,Missing,Missing,NewZealandMatt Todd,1123,2013,Flanker,2,2,0,0,0,0,Christchurch,New Zealand/Aotearoa,Canterbury,Christchurch City,Christchurch,NewZealandRyan Crotty,1124,2013,Centre,13,11,1,1,1,5,Nelson,New Zealand/Aotearoa,Nelson,Missing,Missing,NewZealandTom Taylor,1125,2013,Fly-half,3,3,0,0,0,14,Christchurch,New Zealand/Aotearoa,Canterbury,Christchurch City,Christchurch,NewZealandFrancis Saili,1126,2013,Centre,2,2,0,0,0,0,Auckland,New Zealand/Aotearoa,Auckland,Missing,Missing,NewZealandDominic Bird,1127,2013,Lock,2,2,0,0,0,0,Waipukurau,New Zealand/Aotearoa,Hawke's Bay,Central Hawke's Bay District,Waipukurau,NewZealandFrank Halai,1128,2013,Wing,1,1,0,0,1,5,Pangai,Tonga,Vahe Lifuka,Pangai,Missing,NewZealandJeff Toomaga-Allen,1130,2013,Prop,1,1,0,0,0,0,Wellington,New Zealand/Aotearoa,Wellington,Wellington City,Wellington,NewZealandLuke Whitelock,1129,2013,Back-row,1,1,0,0,0,0,Palmerston North,New Zealand/Aotearoa,Manawatu-Wanganui,Palmerston North City,Palmerston North,NewZealandMalakai Fekitoa,1131,2014,Centre,8,6,1,1,2,10,Ha'apai,Tonga,Tongatapu,Hunga Ha__apai,Missing,NewZealandTJ Perenara,1132,2014,Scrum-half,11,11,0,0,1,5,Wellington,New Zealand/Aotearoa,Wellington,Wellington City,Wellington,NewZealandPatrick Tuipulotu,1133,2014,Lock,7,7,0,0,1,5,Auckland,New Zealand/Aotearoa,Auckland,Missing,Missing,NewZealandJoe Moody,,2014,Prop,8,6,1,1,1,5,Christchurch,New Zealand/Aotearoa,Canterbury,Christchurch City,Christchurch,NewZealandNathan Harris,,2014,Hooker,2,2,0,0,1,5,Tauranga,New Zealand/Aotearoa,Bay of Plenty,Tauranga City,Tauranga,NewZealandAugustine Pulu,,2014,Scrum-half,2,2,0,0,0,0,S Auckland,Argentina,S2000,SFE,Departamento Rosario,NewZealandJames Parsons,,2014,Hooker,1,1,0,0,0,0,Auckland,New Zealand/Aotearoa,Auckland,Missing,Missing,NewZealand